LUAD,LUAD01T,LUAD01T_N,LUAD01T_D,Amp,chr16:30720001-35840000,1.60074869583333,hsa-mir-1826
LUAD,LUAD01T,LUAD01T_N,LUAD01T_D,Amp,chr16:30720001-35840000,1.60074869583333,COX6A2
LUAD,LUAD01T,LUAD01T_N,LUAD01T_D,Amp,chr16:30720001-35840000,1.60074869583333,CTF1
LUAD,LUAD01T,LUAD01T_N,LUAD01T_D,Amp,chr16:30720001-35840000,1.60074869583333,FUS
LUAD,LUAD01T,LUAD01T_N,LUAD01T_D,Amp,chr16:30720001-35840000,1.60074869583333,ITGAD
LUAD,LUAD01T,LUAD01T_N,LUAD01T_D,Amp,chr16:30720001-35840000,1.60074869583333,ITGAM
LUAD,LUAD01T,LUAD01T_N,LUAD01T_D,Amp,chr16:30720001-35840000,1.60074869583333,ITGAX
LUAD,LUAD01T,LUAD01T_N,LUAD01T_D,Amp,chr16:30720001-35840000,1.60074869583333,PHKG2
LUAD,LUAD01T,LUAD01T_N,LUAD01T_D,Amp,chr16:30720001-35840000,1.60074869583333,PRSS8
LUAD,LUAD01T,LUAD01T_N,LUAD01T_D,Amp,chr16:30720001-35840000,1.60074869583333,SLC5A2
LUAD,LUAD01T,LUAD01T_N,LUAD01T_D,Amp,chr16:30720001-35840000,1.60074869583333,STX4
LUAD,LUAD01T,LUAD01T_N,LUAD01T_D,Amp,chr16:30720001-35840000,1.60074869583333,TGFB1I1
LUAD,LUAD01T,LUAD01T_N,LUAD01T_D,Amp,chr16:30720001-35840000,1.60074869583333,BCL7C
LUAD,LUAD01T,LUAD01T_N,LUAD01T_D,Amp,chr16:30720001-35840000,1.60074869583333,ZNF646
LUAD,LUAD01T,LUAD01T_N,LUAD01T_D,Amp,chr16:30720001-35840000,1.60074869583333,SETD1A
LUAD,LUAD01T,LUAD01T_N,LUAD01T_D,Amp,chr16:30720001-35840000,1.60074869583333,RNF40
LUAD,LUAD01T,LUAD01T_N,LUAD01T_D,Amp,chr16:30720001-35840000,1.60074869583333,BCKDK
LUAD,LUAD01T,LUAD01T_N,LUAD01T_D,Amp,chr16:30720001-35840000,1.60074869583333,ZNF267
LUAD,LUAD01T,LUAD01T_N,LUAD01T_D,Amp,chr16:30720001-35840000,1.60074869583333,SRCAP
LUAD,LUAD01T,LUAD01T_N,LUAD01T_D,Amp,chr16:30720001-35840000,1.60074869583333,ZNF629
LUAD,LUAD01T,LUAD01T_N,LUAD01T_D,Amp,chr16:30720001-35840000,1.60074869583333,TP53TG3
LUAD,LUAD01T,LUAD01T_N,LUAD01T_D,Amp,chr16:30720001-35840000,1.60074869583333,PYCARD
LUAD,LUAD01T,LUAD01T_N,LUAD01T_D,Amp,chr16:30720001-35840000,1.60074869583333,AHSP
LUAD,LUAD01T,LUAD01T_N,LUAD01T_D,Amp,chr16:30720001-35840000,1.60074869583333,FBXL19
LUAD,LUAD01T,LUAD01T_N,LUAD01T_D,Amp,chr16:30720001-35840000,1.60074869583333,C16orf58
LUAD,LUAD01T,LUAD01T_N,LUAD01T_D,Amp,chr16:30720001-35840000,1.60074869583333,VKORC1
LUAD,LUAD01T,LUAD01T_N,LUAD01T_D,Amp,chr16:30720001-35840000,1.60074869583333,ZNF668
LUAD,LUAD01T,LUAD01T_N,LUAD01T_D,Amp,chr16:30720001-35840000,1.60074869583333,ARMC5
LUAD,LUAD01T,LUAD01T_N,LUAD01T_D,Amp,chr16:30720001-35840000,1.60074869583333,HSD3B7
LUAD,LUAD01T,LUAD01T_N,LUAD01T_D,Amp,chr16:30720001-35840000,1.60074869583333,KAT8
LUAD,LUAD01T,LUAD01T_N,LUAD01T_D,Amp,chr16:30720001-35840000,1.60074869583333,CCDC189
LUAD,LUAD01T,LUAD01T_N,LUAD01T_D,Amp,chr16:30720001-35840000,1.60074869583333,ORAI3
LUAD,LUAD01T,LUAD01T_N,LUAD01T_D,Amp,chr16:30720001-35840000,1.60074869583333,STX1B
LUAD,LUAD01T,LUAD01T_N,LUAD01T_D,Amp,chr16:30720001-35840000,1.60074869583333,ZNF720
LUAD,LUAD01T,LUAD01T_N,LUAD01T_D,Amp,chr16:30720001-35840000,1.60074869583333,FRG2DP
LUAD,LUAD01T,LUAD01T_N,LUAD01T_D,Amp,chr16:30720001-35840000,1.60074869583333,PRSS36
LUAD,LUAD01T,LUAD01T_N,LUAD01T_D,Amp,chr16:30720001-35840000,1.60074869583333,PYDC1
LUAD,LUAD01T,LUAD01T_N,LUAD01T_D,Amp,chr16:30720001-35840000,1.60074869583333,LINC01566
LUAD,LUAD01T,LUAD01T_N,LUAD01T_D,Amp,chr16:30720001-35840000,1.60074869583333,FBXL19-AS1
LUAD,LUAD01T,LUAD01T_N,LUAD01T_D,Amp,chr16:30720001-35840000,1.60074869583333,ZNF843
LUAD,LUAD01T,LUAD01T_N,LUAD01T_D,Amp,chr16:30720001-35840000,1.60074869583333,PRSS53
LUAD,LUAD01T,LUAD01T_N,LUAD01T_D,Amp,chr16:30720001-35840000,1.60074869583333,SLC6A10P
LUAD,LUAD01T,LUAD01T_N,LUAD01T_D,Amp,chr16:30720001-35840000,1.60074869583333,LOC390705
LUAD,LUAD01T,LUAD01T_N,LUAD01T_D,Amp,chr16:30720001-35840000,1.60074869583333,FLJ26245
LUAD,LUAD01T,LUAD01T_N,LUAD01T_D,Amp,chr16:30720001-35840000,1.60074869583333,YBX3P1
LUAD,LUAD01T,LUAD01T_N,LUAD01T_D,Amp,chr16:30720001-35840000,1.60074869583333,TRIM72
LUAD,LUAD01T,LUAD01T_N,LUAD01T_D,Amp,chr16:30720001-35840000,1.60074869583333,UBE2MP1
LUAD,LUAD01T,LUAD01T_N,LUAD01T_D,Amp,chr16:30720001-35840000,1.60074869583333,LINC00273
LUAD,LUAD01T,LUAD01T_N,LUAD01T_D,Amp,chr16:30720001-35840000,1.60074869583333,TP53TG3C
LUAD,LUAD01T,LUAD01T_N,LUAD01T_D,Amp,chr16:30720001-35840000,1.60074869583333,TP53TG3D
LUAD,LUAD01T,LUAD01T_N,LUAD01T_D,Amp,chr16:30720001-35840000,1.60074869583333,TP53TG3B
LUAD,LUAD01T,LUAD01T_N,LUAD01T_D,Amp,chr16:30720001-35840000,1.60074869583333,TP53TG3HP
LUAD,LUAD01T,LUAD01T_N,LUAD01T_D,Amp,chr16:30720001-35840000,1.60074869583333,CLUHP3
LUAD,LUAD01T,LUAD01T_N,LUAD01T_D,Amp,chr16:30720001-35840000,1.60074869583333,HERC2P4
LUAD,LUAD01T,LUAD01T_N,LUAD01T_D,Amp,chr16:30720001-35840000,1.60074869583333,MIR762
LUAD,LUAD01T,LUAD01T_N,LUAD01T_D,Amp,chr16:30720001-35840000,1.60074869583333,MIR4519
LUAD,LUAD01T,LUAD01T_N,LUAD01T_D,Amp,chr16:30720001-35840000,1.60074869583333,PYCARD-AS1
LUAD,LUAD01T,LUAD01T_N,LUAD01T_D,Amp,chr16:30720001-35840000,1.60074869583333,TMEM265
LUAD,LUAD01T,LUAD01T_N,LUAD01T_D,Amp,chr16:30720001-35840000,1.60074869583333,MIR762HG
LUAD,LUAD01T,LUAD01T_N,LUAD01T_D,Amp,chr16:30720001-35840000,1.60074869583333,LOC102723753
LUAD,LUAD01T,LUAD01T_N,LUAD01T_D,Amp,chr16:30720001-35840000,1.60074869583333,FRG2KP
LUAD,LUAD01T,LUAD01T_N,LUAD01T_D,Amp,chr16:30720001-35840000,1.60074869583333,TP53TG3E
LUAD,LUAD01T,LUAD01T_N,LUAD01T_D,Amp,chr16:30720001-35840000,1.60074869583333,TP53TG3F
LUAD,LUAD01T,LUAD01T_N,LUAD01T_D,Amp,chr16:30720001-35840000,1.60074869583333,ENPP7P13
LUAD,LUAD01T,LUAD01T_N,LUAD01T_D,Amp,chr16:30720001-35840000,1.60074869583333,
LUAD,LUAD01T,LUAD01T_N,LUAD01T_D,Amp,chr4:46080001-51200000,1.067708325,CNGA1
LUAD,LUAD01T,LUAD01T_N,LUAD01T_D,Amp,chr4:46080001-51200000,1.067708325,GABRA2
LUAD,LUAD01T,LUAD01T_N,LUAD01T_D,Amp,chr4:46080001-51200000,1.067708325,GABRA4
LUAD,LUAD01T,LUAD01T_N,LUAD01T_D,Amp,chr4:46080001-51200000,1.067708325,GABRB1
LUAD,LUAD01T,LUAD01T_N,LUAD01T_D,Amp,chr4:46080001-51200000,1.067708325,GABRG1
LUAD,LUAD01T,LUAD01T_N,LUAD01T_D,Amp,chr4:46080001-51200000,1.067708325,TEC
LUAD,LUAD01T,LUAD01T_N,LUAD01T_D,Amp,chr4:46080001-51200000,1.067708325,TXK
LUAD,LUAD01T,LUAD01T_N,LUAD01T_D,Amp,chr4:46080001-51200000,1.067708325,CORIN
LUAD,LUAD01T,LUAD01T_N,LUAD01T_D,Amp,chr4:46080001-51200000,1.067708325,OCIAD1
LUAD,LUAD01T,LUAD01T_N,LUAD01T_D,Amp,chr4:46080001-51200000,1.067708325,COMMD8
LUAD,LUAD01T,LUAD01T_N,LUAD01T_D,Amp,chr4:46080001-51200000,1.067708325,ATP10D
LUAD,LUAD01T,LUAD01T_N,LUAD01T_D,Amp,chr4:46080001-51200000,1.067708325,SLAIN2
LUAD,LUAD01T,LUAD01T_N,LUAD01T_D,Amp,chr4:46080001-51200000,1.067708325,CWH43
LUAD,LUAD01T,LUAD01T_N,LUAD01T_D,Amp,chr4:46080001-51200000,1.067708325,OCIAD2
LUAD,LUAD01T,LUAD01T_N,LUAD01T_D,Amp,chr4:46080001-51200000,1.067708325,NFXL1
LUAD,LUAD01T,LUAD01T_N,LUAD01T_D,Amp,chr4:46080001-51200000,1.067708325,NIPAL1
LUAD,LUAD01T,LUAD01T_N,LUAD01T_D,Amp,chr4:46080001-51200000,1.067708325,COX7B2
LUAD,LUAD01T,LUAD01T_N,LUAD01T_D,Amp,chr4:46080001-51200000,1.067708325,SLC10A4
LUAD,LUAD01T,LUAD01T_N,LUAD01T_D,Amp,chr4:46080001-51200000,1.067708325,FRYL
LUAD,LUAD01T,LUAD01T_N,LUAD01T_D,Amp,chr4:46080001-51200000,1.067708325,ZAR1
LUAD,LUAD01T,LUAD01T_N,LUAD01T_D,Amp,chr4:46080001-51200000,1.067708325,LOC101927157
LUAD,LUAD01T,LUAD01T_N,LUAD01T_D,Amp,chr4:46080001-51200000,1.067708325,LOC101927179
LUAD,LUAD01T,LUAD01T_N,LUAD01T_D,Amp,chr4:46080001-51200000,1.067708325,MIR8053
LUAD,LUAD01T,LUAD01T_N,LUAD01T_D,Amp,chr4:46080001-51200000,1.067708325,
LUAD,LUAD01T,LUAD01T_N,LUAD01T_LX,Amp,chr4:46080001-51200000,1.1367188000000001,CNGA1
LUAD,LUAD01T,LUAD01T_N,LUAD01T_LX,Amp,chr4:46080001-51200000,1.1367188000000001,GABRA2
LUAD,LUAD01T,LUAD01T_N,LUAD01T_LX,Amp,chr4:46080001-51200000,1.1367188000000001,GABRA4
LUAD,LUAD01T,LUAD01T_N,LUAD01T_LX,Amp,chr4:46080001-51200000,1.1367188000000001,GABRB1
LUAD,LUAD01T,LUAD01T_N,LUAD01T_LX,Amp,chr4:46080001-51200000,1.1367188000000001,GABRG1
LUAD,LUAD01T,LUAD01T_N,LUAD01T_LX,Amp,chr4:46080001-51200000,1.1367188000000001,TEC
LUAD,LUAD01T,LUAD01T_N,LUAD01T_LX,Amp,chr4:46080001-51200000,1.1367188000000001,TXK
LUAD,LUAD01T,LUAD01T_N,LUAD01T_LX,Amp,chr4:46080001-51200000,1.1367188000000001,CORIN
LUAD,LUAD01T,LUAD01T_N,LUAD01T_LX,Amp,chr4:46080001-51200000,1.1367188000000001,OCIAD1
LUAD,LUAD01T,LUAD01T_N,LUAD01T_LX,Amp,chr4:46080001-51200000,1.1367188000000001,COMMD8
LUAD,LUAD01T,LUAD01T_N,LUAD01T_LX,Amp,chr4:46080001-51200000,1.1367188000000001,ATP10D
LUAD,LUAD01T,LUAD01T_N,LUAD01T_LX,Amp,chr4:46080001-51200000,1.1367188000000001,SLAIN2
LUAD,LUAD01T,LUAD01T_N,LUAD01T_LX,Amp,chr4:46080001-51200000,1.1367188000000001,CWH43
LUAD,LUAD01T,LUAD01T_N,LUAD01T_LX,Amp,chr4:46080001-51200000,1.1367188000000001,OCIAD2
LUAD,LUAD01T,LUAD01T_N,LUAD01T_LX,Amp,chr4:46080001-51200000,1.1367188000000001,NFXL1
LUAD,LUAD01T,LUAD01T_N,LUAD01T_LX,Amp,chr4:46080001-51200000,1.1367188000000001,NIPAL1
LUAD,LUAD01T,LUAD01T_N,LUAD01T_LX,Amp,chr4:46080001-51200000,1.1367188000000001,COX7B2
LUAD,LUAD01T,LUAD01T_N,LUAD01T_LX,Amp,chr4:46080001-51200000,1.1367188000000001,SLC10A4
LUAD,LUAD01T,LUAD01T_N,LUAD01T_LX,Amp,chr4:46080001-51200000,1.1367188000000001,FRYL
LUAD,LUAD01T,LUAD01T_N,LUAD01T_LX,Amp,chr4:46080001-51200000,1.1367188000000001,ZAR1
LUAD,LUAD01T,LUAD01T_N,LUAD01T_LX,Amp,chr4:46080001-51200000,1.1367188000000001,LOC101927157
LUAD,LUAD01T,LUAD01T_N,LUAD01T_LX,Amp,chr4:46080001-51200000,1.1367188000000001,LOC101927179
LUAD,LUAD01T,LUAD01T_N,LUAD01T_LX,Amp,chr4:46080001-51200000,1.1367188000000001,MIR8053
LUAD,LUAD01T,LUAD01T_N,LUAD01T_LX,Amp,chr4:46080001-51200000,1.1367188000000001,
