barcode,cell_id,total_num_reads,num_unmapped_reads,num_lowmapq_reads,num_duplicate_reads,num_mapped_dedup_reads,frac_mapped_duplicates,effective_depth_of_coverage,effective_reads_per_1Mbp,raw_mapd,normalized_mapd,raw_dimapd,normalized_dimapd,mean_ploidy,ploidy_confidence,is_high_dimapd,is_noisy,est_cnv_resolution_mb
AAACGGGTCATTGTTC-1,0,538480,2680,41973,51035,442792,0.09477603625018573,0.023943790219947334,143,0.16814648561303827,0.16814648561303827,1.0507071523754867,1.0507071523754867,1.989100093047986,-2,0,0,2.024072265625004
AAACGGGTCTAAGACC-1,1,1691300,10089,113117,164125,1403969,0.09704073789392777,0.07497850854892527,455,0.12459913601468126,0.12459913601468126,1.3991121638905455,1.3991121638905455,2.694978856870817,5,1,1,1.1923339843750016
AAAGTAGCAGACACGA-1,2,671714,4538,59574,64515,543087,0.09604534072536823,0.02968889377798384,176,0.14528122794577453,0.14528122794577453,1.0085291859601462,1.0085291859601462,2.0009094534184957,-2,0,0,1.5452636718750024
AAATGCCGTTGAGCAG-1,3,751214,5336,65302,72101,608475,0.09597930815985856,0.033290125407668715,197,0.13778604185080426,0.13778604185080426,1.0109865488603027,1.0109865488603027,1.9983278176971462,-2,0,0,1.401318359375002
AACTTTCCATTTCTTG-1,4,333728,1667,29740,30636,271685,0.09179930961741298,0.014731763568255457,88,0.20671337637953927,0.20671337637953927,1.0231533093841942,1.0231533093841942,1.992368014214661,-2,0,0,2.956152343750005
AACTTTCGTGATCCTA-1,5,774234,4273,73635,71612,624714,0.09249400052180606,0.034123227480985216,202,0.12891856152132616,0.12891856152132616,0.9556936358530682,0.9556936358530682,1.990932941546857,-2,0,0,1.2369628906250016
AAGGCAGTCCTAGACA-1,6,199402,1599,15159,19026,163618,0.09541529172224952,0.008757118215439667,53,0.5582173368478118,0.5582173368478118,2.1681434830484028,2.1681434830484028,0.895039343619613,3,1,1,17.986425781250034
AAGTCTGGTCCAGCCA-1,7,1162132,6562,99983,111287,944300,0.09576106672908068,0.051301528564101195,306,0.1062325632219968,0.1062325632219968,0.9744775179660992,0.9744775179660992,3.4820279852443985,25,0,0,0.9359375000000006
AATCGGTTCTACAGCA-1,8,736080,5715,68278,69929,592158,0.09500190196717748,0.03230942386125022,192,0.14485304449178854,0.14485304449178854,1.0488052772039982,1.0488052772039982,1.9996151962499125,-2,0,0,1.5382812500000023
ACACCAAAGAGTCTGG-1,9,1253406,6538,104678,118401,1023789,0.09446340611102867,0.055722084649758676,332,0.1077729161721883,0.1077729161721883,1.0302519698420067,1.0302519698420067,3.487899274936312,19,0,0,0.955224609375001
ACACCCTGTTACGCCG-1,10,675854,3703,66427,61495,544229,0.09098858629230573,0.029683131328143608,176,0.13986646509066586,0.13986646509066586,0.9931104461791026,0.9931104461791026,3.4826210786337586,11,0,0,1.555908203125002
ACACTGAGTTGCGGCT-1,11,864706,3987,63965,82892,713862,0.09586148355626074,0.03843442557062158,231,0.14628388324708622,0.14628388324708622,1.1765689674161817,1.1765689674161817,3.907065434163477,-4,1,1,1.6835449218750025
ACAGCCGCAATTAAGG-1,12,267818,1556,22726,25707,217829,0.09598682687496732,0.011842826239154869,71,0.2347931026163863,0.2347931026163863,1.0448324093574528,1.0448324093574528,1.9927467300832342,-2,0,0,3.735449218750007
ACAGCTAAGTCGAGTG-1,13,1094652,6133,79459,105553,903507,0.09642607879033703,0.04852208361047125,293,0.11845511733120714,0.11845511733120714,1.0674382263053817,1.0674382263053817,3.560390123767745,3,0,0,1.1372070312500013
ACATACGTCTGGATCA-1,14,715892,4156,67492,67252,576992,0.09394154425527873,0.0315912495692831,187,0.13577741809613786,0.13577741809613786,0.9789686173000473,0.9789686173000473,1.942613660215776,-2,0,0,1.3581542968750016
ACATCAGCATCCATAG-1,15,536494,3823,40903,52622,439146,0.09808497392328712,0.02376203699547715,142,0.17613158307583207,0.17613158307583207,1.1053240736203265,1.1053240736203265,2.0015319934802833,-2,0,0,2.207861328125004
ACATCAGGTTCGGTGC-1,16,984660,5303,88903,92371,798083,0.09381004610728576,0.0435323910517674,258,0.11583980405213845,0.11583980405213845,0.9781025616898238,0.9781025616898238,3.5935164189132442,14,0,0,1.1042968750000013
ACCCACTCAGAATTCC-1,17,963158,6183,98190,88458,770327,0.09184162930692576,0.04225977200816046,249,0.11871851636637434,0.11871851636637434,0.9755926366107124,0.9755926366107124,3.2984729939675566,17,0,0,1.1376953125000016
ACGAGCCGTCGCTCAG-1,18,521830,2637,42927,46164,430102,0.0884655922426844,0.02321739902939932,139,0.1754134626475052,0.1754134626475052,1.084371629774208,1.084371629774208,3.5255785968152686,19,0,0,2.336523437500004
ACGAGGAAGTCCGGTC-1,19,1238706,7472,109004,116524,1005706,0.09406913343440657,0.05473296479748794,326,0.10171331382489293,0.10171331382489293,0.9632749497795642,0.9632749497795642,3.529962140562783,12,0,0,0.8669921875000008
ACGATGTAGTGACATA-1,20,1249412,7513,75890,122846,1043163,0.0983230511632672,0.05523511230543277,338,0.12358579144289593,0.12358579144289593,1.1981996435373317,1.1981996435373317,3.1430670622480967,16,1,1,1.1983398437500017
ACGCCAGAGGCATATA-1,21,617546,4665,45564,59716,507601,0.09669886939596403,0.027245192802828895,164,0.15606594938661006,0.15606594938661006,1.0457906580037308,1.0457906580037308,1.9917298704206432,-2,0,0,1.7642578125000032
ACGCCAGGTATTCGTG-1,22,646680,3390,50427,60792,532071,0.09400630914826498,0.028685576655919618,172,0.14263381367785982,0.14263381367785982,0.9929701832462362,0.9929701832462362,3.543006464612543,22,0,0,1.6163085937500021
ACGCCAGGTGATAAGT-1,23,622084,3620,47245,59076,512143,0.09496466715106,0.027594664532538813,166,0.1544918231823991,0.1544918231823991,1.0403348355115292,1.0403348355115292,1.9904924478273949,-2,0,0,1.7312500000000024
ACGCCGACAGATCGAG-1,24,1066618,6302,95394,100083,864839,0.09383209358927,0.04708302347590979,280,0.10966513400371257,0.10966513400371257,0.9713272217030932,0.9713272217030932,3.68158054966512,32,0,0,1.004443359375001
ACGGAGAAGCCAAACG-1,25,748100,4706,67177,73356,602861,0.09805640957091298,0.03298198620618459,195,0.13272389827831307,0.13272389827831307,0.9564729983912632,0.9564729983912632,2.0502715109444103,-2,0,0,1.3100097656250016
ACGTCAATCTGTGAAC-1,26,1372932,8259,116661,130480,1117532,0.09503748182721357,0.06081209972458132,362,0.10508175160168366,0.10508175160168366,1.0385504544493118,1.0385504544493118,1.9942243877851051,-2,0,0,0.8494628906250008
ACTGAGTAGAGTAGCC-1,27,1071352,6003,102860,98625,863864,0.09205657897684423,0.04722652550912203,280,0.1163345636168262,0.1163345636168262,1.020823615862286,1.020823615862286,3.517148696699051,19,0,0,1.1028808593750015
ACTGAGTTCAGCGGCT-1,28,1244308,6909,112696,116818,1007885,0.09388190062267543,0.05488243101161764,326,0.10163712585595366,0.10163712585595366,0.9685639799304512,0.9685639799304512,3.4159959688142996,12,0,0,0.860644531250001
ACTGATGAGTGGTAGC-1,29,897984,4691,88002,83192,722099,0.09264307604589836,0.039739780419549814,234,0.1506970667329802,0.1506970667329802,1.217234254358004,1.217234254358004,3.4338440647595316,14,1,1,1.7436035156250025
ACTGATGCAGTGAAAT-1,30,740558,4966,66256,71768,597568,0.09691070787163192,0.03242251307268542,193,0.14255760884577495,0.14255760884577495,1.0416022471195088,1.0416022471195088,1.9904626623376624,-2,0,0,1.4925292968750024
ACTGCTCCACGCCTGA-1,31,703700,3791,59741,67724,572444,0.09623987494671024,0.031178542108687087,185,0.1353535197994095,0.1353535197994095,0.9712248754095444,0.9712248754095444,3.655832435533293,23,0,0,1.478906250000002
ACTGCTCCAGTACTCA-1,32,684152,3913,63799,63892,552548,0.0933886037021013,0.03009640253481581,179,0.13225340319533993,0.13225340319533993,0.9198378350972798,0.9198378350972798,2.6183666473102782,10,0,0,1.3445800781250017
ACTGTCCCATCAGCAT-1,33,1059062,5872,85994,101188,866008,0.09554492560397786,0.04700316549282666,280,0.11691724132139228,0.11691724132139228,1.016075161930423,1.016075161930423,1.9986006157290792,-2,0,0,1.0347656250000012
ACTTACTAGGGTGTGT-1,34,1371534,6236,105565,129463,1130270,0.09439284771649846,0.06102019585444048,366,0.09935782913872596,0.09935782913872596,0.9873360722883516,0.9873360722883516,3.5048143534911063,26,0,0,0.8254394531250009
ACTTACTAGTTGTAGA-1,35,526840,2617,43184,50258,430781,0.09539518639435124,0.02337701720618304,139,0.16557804876572355,0.16557804876572355,1.0266131669473315,1.0266131669473315,1.9891491415858624,-2,0,0,1.9660644531250033
ACTTGTTCAGACGAGT-1,36,939822,4248,84147,90538,760889,0.0963352634860644,0.04167567473100259,246,0.12292599406173033,0.12292599406173033,1.0092890670606802,1.0092890670606802,3.4777710130931636,24,0,0,1.2200683593750017
AGAGCTTAGGGATTCG-1,37,953722,5035,92180,87143,769364,0.09137148980520528,0.04184169843614883,249,0.11907990200100335,0.11907990200100335,0.9868363096411288,0.9868363096411288,3.53877913771265,28,0,0,1.1575195312500013
AGAGCTTCATGATGCT-1,38,1036334,5562,93391,96054,841327,0.09268633471448394,0.04592209124037449,272,0.11842940100634425,0.11842940100634425,1.0178432010654628,1.0178432010654628,3.612830759110091,18,0,0,1.1442382812500016
AGAGTGGAGGATCGCA-1,39,268738,1473,23076,25070,219119,0.09328788634283204,0.011914293439887477,71,0.2309189878697472,0.2309189878697472,1.016562512094001,1.016562512094001,1.9831499576825422,-2,0,0,3.6203125000000065
AGAGTGGTCCAACAAC-1,40,1453014,8553,122076,138989,1183396,0.09565565094348713,0.06446927432861702,383,0.09369220781371744,0.09369220781371744,0.9606261202994736,0.9606261202994736,3.7668942337989706,35,0,0,0.7538085937500006
AGAGTGGTCCTTGAAG-1,41,1042742,5091,86509,99810,851332,0.09571878758120417,0.04636875881640902,276,0.1078742563073897,0.1078742563073897,0.936679263711295,0.936679263711295,3.485968423704616,12,0,0,0.9676269531250008
AGATTGCCAACACTTG-1,42,560262,3252,47638,53093,456279,0.09476459228004043,0.024767835118366045,148,0.1480714354077676,0.1480714354077676,0.9507205151458632,0.9507205151458632,3.510949415797943,23,0,0,1.7377441406250025
AGCAGCCCATCCAGGC-1,43,714760,4765,60809,67177,582009,0.09398539369858414,0.03164590476755983,188,0.1457288199682932,0.1457288199682932,1.0473522101869308,1.0473522101869308,1.9917847521080438,-2,0,0,1.5548339843750023
AGCCTAAAGCCTAACT-1,44,1364858,8707,105224,130776,1120151,0.09581656113676294,0.06021775237158098,363,0.10392379177046984,0.10392379177046984,1.0323902994857408,1.0323902994857408,3.4353945756780404,28,0,0,0.890039062500001
AGCGGTCTCGTTAAGC-1,45,957424,4982,82924,90045,779473,0.09404924046190613,0.04248357952421303,252,0.13393209792942498,0.13393209792942498,1.1043671105561752,1.1043671105561752,1.984219181916792,-2,0,0,1.3319335937500014
AGCGTATAGAATTCCC-1,46,774660,4239,71281,69620,629520,0.08987168564273358,0.03437738111479891,204,0.1400278120391887,0.1400278120391887,1.0388176845368906,1.0388176845368906,2.0069630573070114,-2,0,0,1.4454589843750019
AGCTCTCGTTGAACTC-1,47,1263038,6897,112949,117964,1025228,0.09339703160158283,0.055830274354083706,332,0.10975194264948004,0.10975194264948004,1.0408851976862343,1.0408851976862343,3.5386489495018796,23,0,0,0.9880371093750011
AGCTCTCTCCCACAAA-1,48,406638,2430,34434,38378,331396,0.09437878407822192,0.018021809630525833,107,0.16191268576131568,0.16191268576131568,0.8776684906640921,0.8776684906640921,2.311189471695737,14,0,0,1.918457031250003
AGCTCTCTCTGAGATC-1,49,1244234,6728,103066,117318,1017122,0.09428933785766984,0.05507983571818928,329,0.1106420125148173,0.1106420125148173,1.0415629859199844,1.0415629859199844,1.9937998166537205,-2,0,0,0.9346679687500008
AGCTTGAGTCTCGTCT-1,50,1327044,7003,116072,122888,1081081,0.09260280744270727,0.05854947878142534,350,0.10295806142964443,0.10295806142964443,1.0020618202191058,1.0020618202191058,3.485446337964097,23,0,0,0.8794921875000008
AGCTTGATCTTGCGAA-1,51,686964,3550,60023,64966,558425,0.0945697300004076,0.030485301195015527,181,0.14096929155576002,0.14096929155576002,0.9933453668188328,0.9933453668188328,2.0321346113482126,-2,0,0,1.4634765625000021
AGGTCATAGACAGAGA-1,52,759836,4646,61109,71931,622150,0.09466648066161644,0.03369250345997616,201,0.12661710807714782,0.12661710807714782,0.9381877803684154,0.9381877803684154,1.9942912311631618,-2,0,0,1.1959960937500016
AGGTCATAGATAGTCA-1,53,992944,5940,86448,92119,808437,0.09277361059636798,0.04376597362040352,262,0.12337764409904453,0.12337764409904453,1.042318356215343,1.042318356215343,2.0193956616993427,-2,0,0,1.1446289062500017
AGTCTTTGTCGGATGA-1,54,758886,3459,49712,73066,632649,0.09628060077534703,0.03380978239598333,205,0.147201460880245,0.147201460880245,1.1146174243870082,1.1146174243870082,5.605152316583407,4,1,1,1.8274902343750026
AGTGTCAAGGCATTTC-1,55,1384034,7420,125474,128448,1122692,0.09280696861493287,0.060975031730970845,364,0.1037938793287722,0.1037938793287722,1.0311215931622184,1.0311215931622184,3.3580003219867987,16,0,0,0.8849121093750006
AGTGTCACAGACTTGT-1,56,1267364,6360,108072,123275,1029657,0.09726881937628022,0.05603648884784366,333,0.10271952690986376,0.10271952690986376,0.9833547550530184,0.9833547550530184,3.6632603065724085,27,0,0,0.8862792968750008
AGTTGGTGTCCGAATT-1,57,550852,3287,50384,51911,445270,0.09423765367104048,0.02436085707940821,144,0.15950059404318082,0.15950059404318082,1.0033640237039383,1.0033640237039383,3.508704170165127,27,0,0,1.9770019531250032
ATAACGCCACTACGTA-1,58,698564,4355,49922,67653,576634,0.09684581512932244,0.030928414353658718,187,0.1450444568428756,0.1450444568428756,1.0507447806345005,1.0507447806345005,3.480320138801438,17,0,0,1.6509765625000026
ATAACGCCATACGTTG-1,59,395322,2840,33892,38494,320096,0.09737378643232604,0.017411175488243412,104,0.17655396183669295,0.17655396183669295,0.9446850063130808,0.9446850063130808,1.9938933113222066,-2,0,0,2.207861328125004
ATAAGAGAGATCTGAA-1,60,617574,3634,52122,59436,502382,0.0962410982327624,0.027450550182365023,163,0.1373361758346713,0.1373361758346713,0.914578413822742,0.914578413822742,3.484328749868794,27,0,0,1.5160156250000019
ATAGACCAGGAATCGC-1,61,914978,5109,83018,85425,741426,0.09336290052875587,0.040479936599011536,240,0.12828268321509725,0.12828268321509725,1.0353522939207906,1.0353522939207906,1.9988029988029987,-2,0,0,1.2288574218750017
ATCACGAAGTTTCCTT-1,62,870930,5476,77454,82716,705284,0.09497433777685922,0.03852736563597012,228,0.13601644118981376,0.13601644118981376,1.0697286239378336,1.0697286239378336,2.0029599255470263,-2,0,0,1.3705566406250016
ATCACGACATGCGTGC-1,63,1211902,7566,110447,123879,970010,0.10221866124488614,0.053508091581810975,314,0.10641327835526557,0.10641327835526557,0.9859923126747132,0.9859923126747132,3.501018458243212,26,0,0,0.9379882812500008
ATCATCTAGGTGCTTT-1,64,694760,3631,66377,64002,560750,0.0921210202084173,0.03048732854377085,182,0.14482200962918196,0.14482200962918196,1.0258455105163753,1.0258455105163753,1.9907840228405083,-2,0,0,1.5359863281250024
ATCCGAAAGAATTCCC-1,65,312558,2233,26417,29487,254421,0.0943408903307546,0.013791170563751438,82,0.32565978506820803,0.32565978506820803,1.5315677304969182,1.5315677304969182,1.85368995037134,1,1,1,6.818994140625014
ATCGAGTCATTTCCAT-1,66,245928,1453,24017,22671,197787,0.09218551771250122,0.010916147498085588,64,0.423979872358884,0.423979872358884,1.7602582419780366,1.7602582419780366,1.0223153880129279,2,1,1,10.89047851562502
ATGAGGGAGCGATTCT-1,67,988574,4923,81809,91834,810008,0.09289542310439076,0.04387315628837189,262,0.11582043706397364,0.11582043706397364,0.9827577236144132,0.9827577236144132,3.4565392396379493,18,0,0,1.0954589843750013
ATTATCCCATGCGTGC-1,68,1172584,6262,101959,106870,957493,0.09114059205992918,0.05187265611964181,310,0.10354968910475054,0.10354968910475054,0.9534525804364672,0.9534525804364672,4.8876314850196305,4,0,0,0.9604492187500009
ATTATCCGTACCAACT-1,69,727796,4265,66582,68608,588341,0.09426817404877193,0.03212223231664817,191,0.14063837871162918,0.14063837871162918,1.0112781816982328,1.0112781816982328,1.9964519650655022,-2,0,0,1.455322265625002
ATTATCCGTGACCCAC-1,70,1593316,9126,129682,153810,1300698,0.09653452296970597,0.07074103491096759,421,0.09446114123171982,0.09446114123171982,1.0016652166871238,1.0016652166871238,3.531762646595484,14,0,0,0.7508300781250006
ATTCTACCACGTACAT-1,71,603174,3372,49807,57400,492595,0.0951632530579899,0.026820924500097244,160,0.1456116038003469,0.1456116038003469,0.9726336021145008,0.9726336021145008,3.6188200556947145,23,0,0,1.6894531250000027
ATTGGTGTCGTAAGGG-1,72,776862,3320,67397,70589,635556,0.09086427190414773,0.03458606754281826,206,0.13291629084825554,0.13291629084825554,0.9991502245868368,0.9991502245868368,5.4701503501640625,8,0,0,1.5457031250000024
ATTTCTGCAGGTCTGC-1,73,909922,4364,70712,87602,747244,0.0962741861390317,0.04048536455735452,242,0.12221999201772644,0.12221999201772644,0.993997450904062,0.993997450904062,3.5211479516858177,15,0,0,1.2117675781250017
ATTTCTGCATTCAGCA-1,74,1019182,5047,93497,95226,825412,0.09343375373583912,0.045066549418017306,267,0.11204554063128297,0.11204554063128297,0.9597441530372648,0.9597441530372648,3.6259325094125714,30,0,0,1.0424316406250012
CAACCAAGTTTAGGAA-1,75,688462,4073,55000,65891,563498,0.09570753360388808,0.03054963300888146,182,0.14216177395074142,0.14216177395074142,1.0022172698992018,1.0022172698992018,1.997207818109294,-2,0,0,1.484179687500002
CAACTAGGTCAGTTTG-1,76,813160,3938,66763,76910,665549,0.09458163215111418,0.03609903831745231,216,0.12430488446517016,0.12430488446517016,0.9579576787511872,0.9579576787511872,3.5491705207772126,10,0,0,1.2585937500000017
CACAAACGTAGACGAC-1,77,639900,4449,58929,62155,514367,0.0971323644319425,0.028253288976207568,167,0.1454864533436309,0.1454864533436309,0.9794949445997552,0.9794949445997552,1.9902311358054066,-2,0,0,1.5473632812500022
CACAGGCAGACTAAGT-1,78,576656,3509,48640,56205,468302,0.09746712077911268,0.02549316293033037,152,0.1587718639681116,0.1587718639681116,1.0240840072687114,1.0240840072687114,1.9916387374843445,-2,0,0,1.819970703125002
CACAGGCCATCACTGA-1,79,668450,3648,46311,64808,553683,0.09695265165681803,0.02972200811240512,179,0.14243505981229454,0.14243505981229454,1.0043675281102873,1.0043675281102873,3.4305514741894405,20,0,0,1.5998046875000023
CACATAGAGGACAGAA-1,80,751902,4808,55696,72798,618600,0.09681846836422832,0.03339796928728992,200,0.1337476069372385,0.1337476069372385,0.9917445532853224,0.9917445532853224,3.5179505834289393,16,0,0,1.4317382812500017
CACATAGGTCAGTGGA-1,81,757126,4051,63061,71573,618441,0.09453248204393984,0.033689227839466845,200,0.14102614161158578,0.14102614161158578,1.0380050930196556,1.0380050930196556,1.9936668112919704,-2,0,0,1.463525390625002
CACATAGTCCACCGGA-1,82,1101214,6012,90603,104738,899861,0.0951113952419784,0.04885485731740296,291,0.11164748166123638,0.11164748166123638,1.0002402275208515,1.0002402275208515,3.4815255423372986,19,0,0,1.0229003906250012
CACATTTAGAGTTGGC-1,83,1180738,5762,105975,109176,959825,0.0924642045906882,0.05231064764032575,311,0.11201217011569012,0.11201217011569012,1.0346966146392853,1.0346966146392853,3.5769764022127304,18,0,0,1.0292968750000013
CACCAGGTCCACTTCG-1,84,818300,4431,68590,77416,667863,0.09460589026029574,0.03611666501555878,216,0.1301966349820717,0.1301966349820717,1.006702407588791,1.006702407588791,3.5164856695029107,9,0,0,1.3604003906250013
CACCTTGAGCCAACAG-1,85,441346,2494,38769,41375,358708,0.0937473093672538,0.019663943017787445,116,0.17091027513238846,0.17091027513238846,0.9721678292163622,0.9721678292163622,3.5401357212816564,16,0,0,2.259375000000004
CACTCCATCCCACAAA-1,86,677598,4287,51267,64009,558035,0.09446456453531443,0.02990422826498666,181,0.1391724316550785,0.1391724316550785,1.000422571234666,1.000422571234666,3.4954628457087686,19,0,0,1.5412597656250022
CAGAATCGTCAGCCGT-1,87,1478614,7394,109092,140426,1221702,0.09497137183876253,0.06559793250604794,396,0.10234134711783603,0.10234134711783603,1.0624247658085493,1.0624247658085493,3.271528832226599,18,0,0,0.8565429687500008
CAGAATCTCACAGCCG-1,88,458934,2951,40991,43517,371475,0.09482191339059648,0.020243858341715007,120,0.1627277865880097,0.1627277865880097,0.9468904527408488,0.9468904527408488,3.70280368600396,28,0,0,2.091308593750003
CAGATCAAGCGTGAAC-1,89,2274988,13625,179091,218113,1864159,0.09587435186471313,0.10104122728094571,604,0.0858294631717239,0.0858294631717239,1.095088893760764,1.095088893760764,3.5543517844136927,8,0,0,0.6232421875000003
CAGCATAGTAAAGTCA-1,90,684940,4240,63171,63035,554494,0.09202995882851052,0.03029932780821854,180,0.13763378969069198,0.13763378969069198,0.9722882874815324,0.9722882874815324,3.4704149670810973,19,0,0,1.510742187500002
CAGCCGATCAGATTCG-1,91,759900,4516,69121,70158,616105,0.0923253059613107,0.03337726805213956,199,0.14240201043527648,0.14240201043527648,1.052663981104961,1.052663981104961,1.9921479159085183,-2,0,0,1.4901855468750023
CAGCGACGTTACGGCC-1,92,1277702,6715,100761,114945,1055281,0.08996229167677597,0.056638949481536104,342,0.11772549127258553,0.11772549127258553,1.1410548279105068,1.1410548279105068,4.15694000237947,1,1,1,1.1407714843750016
CAGCTAATCTTAAGGC-1,93,936682,5273,82958,87304,761147,0.0932055916522363,0.04146173973311021,246,0.12881193021291468,0.12881193021291468,1.0507704717355226,1.0507704717355226,2.0059192712159692,-2,0,0,1.2391601562500014
CAGCTGGTCTAGAGCT-1,94,1227372,5652,89997,114498,1017225,0.09328712077511953,0.054642588951081005,329,0.10384403630699304,0.10384403630699304,0.9866642235411164,0.9866642235411164,3.3360282794344114,17,0,0,0.8893066406250006
CAGTAACCAAGACTTC-1,95,851550,5324,85834,79186,681206,0.0929904292173096,0.03759485936007421,221,0.1325441774496051,0.1325441774496051,1.0327097810996264,1.0327097810996264,3.403087430546808,10,0,0,1.394287109375002
CAGTCCTAGCTCAACT-1,96,1240612,7090,93448,117284,1022790,0.09453721227910096,0.05498245303585895,331,0.14387972074764788,0.14387972074764788,1.3738952888272264,1.3738952888272264,4.538339328956762,6,1,1,1.6326171875000022
CAGTCCTGTGAACACG-1,97,498826,2884,44732,46172,405038,0.09256133401226077,0.022131385117905075,131,0.1644523406406022,0.1644523406406022,0.9830823622221172,0.9830823622221172,2.003651984104774,-2,0,0,1.941015625000003
CATCAGAGTTGCTGAT-1,98,1291914,6872,82561,128173,1074308,0.09921171223471532,0.057612439222894954,348,0.11834986641874885,0.11834986641874885,1.1548917118366953,1.1548917118366953,3.1530961496734817,12,1,1,1.1085937500000014
CATCCACAGATAGCAT-1,99,1096450,6749,93229,105474,890998,0.09619590496602673,0.04832574584434823,289,0.11124236274485873,0.11124236274485873,0.9907402638328424,0.9907402638328424,3.565684415302688,22,0,0,1.0212402343750013
CATCCACGTACCACTA-1,100,590876,3528,48683,55989,482676,0.0947559217162315,0.026090016864821673,156,0.1549458891311118,0.1549458891311118,1.0157067517819738,1.0157067517819738,1.9923022015703509,-2,0,0,1.7395996093750026
CATCCACGTCTTAGTG-1,101,864392,4694,66625,80445,712628,0.09306541476552303,0.03811021879645133,231,0.12862700261037147,0.12862700261037147,1.0328992001379909,1.0328992001379909,3.5040855731695375,2,0,1,1.3263183593750019
CATGGCGGTTAACCTG-1,102,433184,2039,36628,39049,355468,0.09014414198123663,0.01930044304496512,115,0.17794587526202085,0.17794587526202085,0.9954705083553314,0.9954705083553314,1.9886652253311223,-2,0,0,2.243261718750004
CATTATCCAGCGTGTC-1,103,1412670,7200,114247,130376,1160847,0.09229048539290846,0.06254015047477884,376,0.1000251899812843,0.1000251899812843,1.0202224865391738,1.0202224865391738,3.5821237264993173,24,0,0,0.8367675781250008
CATTATCTCTGGGATT-1,104,356478,1572,30772,32744,291390,0.091854195770847,0.015890461219257863,94,0.1921881369228714,0.1921881369228714,0.9758026798068182,0.9758026798068182,1.9974328124344214,-2,0,0,2.583984375000004
CATTCGCAGAATGTTG-1,105,910260,4599,69547,85745,750369,0.09419836090787248,0.040446231318818256,243,0.12234171739070575,0.12234171739070575,0.9998115339474734,0.9998115339474734,1.9940957550997565,-2,0,0,1.1242675781250013
CCAATCCAGACCGATG-1,106,604372,3692,47574,57333,495773,0.09486375940645828,0.026860713445585993,161,0.1601296935751803,0.1601296935751803,1.0619766404847213,1.0619766404847213,1.9873295506223283,-2,0,0,1.8500976562500027
CCACGGACAGATATCC-1,107,1367096,9587,135340,125058,1097111,0.09147711645707396,0.05972686974717693,355,0.1040319796817714,0.1040319796817714,1.0319906554369838,1.0319906554369838,3.4993946773595335,21,0,0,0.8952636718750009
CCACTACTCATTGTTC-1,108,1420704,7579,115022,131634,1166469,0.09265406446381512,0.06265273552042391,378,0.0971553912449047,0.0971553912449047,0.9911830318965292,0.9911830318965292,3.501901007569021,18,0,0,0.7923828125000006
CCCAATCAGGCCGAAT-1,109,1080916,5984,84799,103094,887039,0.09537651399368684,0.04800512327771235,287,0.11195421277900768,0.11195421277900768,0.9964230859119164,0.9964230859119164,3.4186466291663167,24,0,0,1.0254882812500012
CCCAGTTGTATCTCTT-1,110,434782,2547,47734,39174,345327,0.0901003261404566,0.018995341466651997,112,0.18263340869451106,0.18263340869451106,1.0100147522934315,1.0100147522934315,1.99240919012705,-2,0,0,2.354345703125004
CCCTCCTTCCGCCTTA-1,111,381516,1680,34190,33365,312281,0.08745373719581878,0.016962462754128927,101,0.17451196775503755,0.17451196775503755,0.9291891551686866,0.9291891551686866,3.6758520819341842,21,0,0,2.3809082031250037
CCGTGGATCGCCTGGA-1,112,260518,1308,23044,22467,213699,0.08623972239922001,0.011535844319966146,69,0.22912506912710656,0.22912506912710656,1.0119683235944077,1.0119683235944077,2.0028117983618827,-2,0,0,3.570507812500006
CCTACCAAGTTTAGGA-1,113,885682,4475,65145,81287,734775,0.09177899065353028,0.03940568493692426,238,0.13534605649442913,0.13534605649442913,1.1082381361691471,1.1082381361691471,3.616781219816062,19,0,0,1.453271484375002
CCTACCATCACGTATG-1,114,469820,2865,34266,43649,389040,0.09290579370822867,0.02095005991043855,126,0.17756519099083526,0.17756519099083526,1.0402371910386563,1.0402371910386563,1.9900656228574627,-2,0,0,2.237158203125004
CCTAGCTGTAGAATAC-1,115,911822,5476,76132,85441,744773,0.09370359565792448,0.040285879074053656,241,0.12752821350428484,0.12752821350428484,1.0309475317695205,1.0309475317695205,1.992982333391639,-2,0,0,1.2150878906250018
CCTAGCTTCCACTAAG-1,116,461846,2496,35564,44292,379494,0.09590209723587516,0.02053016816828459,123,0.1634650264187069,0.1634650264187069,0.9679377813235692,0.9679377813235692,3.4422375978564284,17,0,0,2.0754882812500033
CCTATTAAGTTTGCGT-1,117,1091406,4900,86540,100026,899940,0.09164875399255637,0.048653021327056116,291,0.11515146324082985,0.11515146324082985,1.0295909232729017,1.0295909232729017,3.6978947957783936,25,0,0,1.0897949218750014
CCTCAGTAGTGATCGG-1,118,949574,4268,78939,87433,778934,0.09207602567045854,0.042214707940714684,252,0.12142050608353455,0.12142050608353455,1.0042605302620489,1.0042605302620489,2.0031066548184637,-2,0,0,1.1095214843750014
CCTCTGAAGGCCCGTT-1,119,543392,2752,45612,49482,445546,0.0910613332548142,0.024176597921058862,144,0.16869206478695062,0.16869206478695062,1.0608001560024671,1.0608001560024671,1.9987335483735542,-2,0,0,2.0374023437500033
CCTTACGCAATAGGAT-1,120,803200,4220,62593,75751,660636,0.09431150398406374,0.035653048467171634,214,0.12642500736325993,0.12642500736325993,0.9682160247882604,0.9682160247882604,3.5338188585260744,13,0,0,1.2952636718750015
CCTTACGTCACGCTCT-1,121,1279460,6262,107595,115549,1050054,0.0903107561002298,0.05658616814801693,340,0.10053594193849573,0.10053594193849573,0.9769840939564384,0.9769840939564384,3.654166608320614,15,0,0,0.8527343750000008
CCTTCCCCAACATAGA-1,122,1238460,6388,89725,113865,1028482,0.0919407974419844,0.05523171234345691,333,0.10233599175347424,0.10233599175347424,0.9722811708862772,0.9722811708862772,3.4575183074531988,19,0,0,0.8716796875000008
CCTTCCCTCTGCCGTT-1,123,622360,2931,50374,56578,512477,0.09090879876598754,0.02772342951151815,166,0.1389133952397374,0.1389133952397374,0.943869801478832,0.943869801478832,3.0861218578814444,31,0,0,1.510595703125002
CCTTCGATCCACCCAT-1,124,1662044,8367,123768,155486,1374423,0.09355107325678502,0.07403178622249353,445,0.0931534925060312,0.0931534925060312,1.026598066606435,1.026598066606435,3.300745511182668,27,0,0,0.7228027343750006
CCTTCGATCCAGGCAC-1,125,1449166,7764,133747,130483,1177172,0.09004006442326137,0.06432140318236286,381,0.09806317437934224,0.09806317437934224,0.9933176609081534,0.9933176609081534,3.515603561728222,23,0,0,0.8053222656250006
CCTTTCTAGCCTGATT-1,126,1324436,6062,114160,120487,1083727,0.09097230821270336,0.0586407133610856,351,0.09723652511190706,0.09723652511190706,0.9576196383580392,0.9576196383580392,3.5045774598597363,18,0,0,0.7974121093750011
CGAACATAGTGTATCC-1,127,1711352,10265,111442,163304,1426341,0.09542396888541924,0.07562782842998675,462,0.11923973621165572,0.11923973621165572,1.3476181866710777,1.3476181866710777,2.8114290514055327,4,1,1,1.1037597656250013
CGAACATCAGTGAAAT-1,128,435200,5469,47122,40252,342357,0.0924908088235294,0.01875601263847077,111,0.17934203036739213,0.17934203036739213,0.994322225518257,0.994322225518257,1.9875530865406816,-2,0,0,2.2749511718750037
CGAATGTGTCATCTGA-1,129,316962,1528,30063,29069,256302,0.09171130924211733,0.014015994182725935,83,0.21533113440326904,0.21533113440326904,1.0333955326091222,1.0333955326091222,2.018408256078363,-2,0,0,3.1912109375000055
CGACTTCAGTTACGGG-1,130,777332,3817,67471,71186,634858,0.09157734404347176,0.034545458720784475,206,0.14434678495662195,0.14434678495662195,1.0869325501971698,1.0869325501971698,5.661067366579178,0,0,1,1.7742187500000024
CGAGCCATCGGATGCC-1,131,798548,4641,71948,72110,649849,0.09030139703561964,0.03525059820614794,210,0.13877980407336538,0.13877980407336538,1.0480774287480419,1.0480774287480419,2.0024628646194103,-2,0,0,1.4216796875000017
CGATCGGGTCCCACAG-1,132,892654,4849,64461,84541,738803,0.09470746784308366,0.03948882890230558,239,0.15055169704309193,0.15055169704309193,1.2427263597578682,1.2427263597578682,4.42668477005662,11,1,1,1.7957519531250024
CGATCGGGTTACGCGC-1,133,598770,2470,53214,53252,489834,0.08893565141874175,0.026571287311011105,159,0.14873026870707312,0.14873026870707312,0.9835728408031812,0.9835728408031812,1.9896253803910595,-2,0,0,1.6114257812500026
CGATCGGTCATTTCGT-1,134,659898,2507,49553,61312,546526,0.09291132872049923,0.02944529362614322,177,0.1573737921013475,0.1573737921013475,1.0891597844890242,1.0891597844890242,1.9926746333818426,-2,0,0,1.7936035156250023
CGCCAAGAGAAAGCTT-1,135,1192648,6541,104092,110827,971188,0.0929251547816288,0.05280274453686403,314,0.1034559631691098,0.1034559631691098,0.959276260758764,0.959276260758764,3.5186999608084655,8,0,0,0.8942382812500009
CGCCAAGCAATGGTAA-1,136,1307028,7370,95242,120000,1084416,0.09181134604614437,0.05788955296183459,351,0.09497224540197806,0.09497224540197806,0.9400338023471916,0.9400338023471916,3.64734208223972,17,0,0,0.7717285156250007
CGCGGTATCGTTGCAA-1,137,551632,2424,45898,49148,454162,0.08909562897003799,0.02460119585819922,147,0.16388495445167334,0.16388495445167334,1.0355817698539076,1.0355817698539076,1.9876976906927921,-2,0,0,1.9298828125000032
CGCGTTTCAGTGCTTA-1,138,740970,3128,59110,64656,614076,0.08725859346532247,0.03288702364916927,199,0.13044236940119006,0.13044236940119006,0.9702971314908192,0.9702971314908192,3.562228395882464,22,0,0,1.3751953125000018
CGCTTCATCTGCCGTT-1,139,987180,4754,87746,88785,805895,0.08993800522701027,0.04373605071695691,261,0.1190341399482147,0.1190341399482147,1.0099740712627754,1.0099740712627754,3.5190507857617863,27,0,0,1.1523437500000018
CGGACGTTCAGAGCGA-1,140,689116,3276,59036,67283,559521,0.0976366823582677,0.030591916555042786,181,0.13987485507468925,0.13987485507468925,0.9861015199937068,0.9861015199937068,3.7040830604763104,28,0,0,1.5703125000000022
CGGAGTCAGCCCGAAA-1,141,497558,2735,39787,50390,404646,0.1012746252698178,0.022136397633275202,131,0.17870233181796094,0.17870233181796094,1.0676970583462018,1.0676970583462018,1.9922697541012278,-2,0,0,2.2652343750000035
CGGGTCATCGTTCGGG-1,142,962752,4301,80227,89615,788609,0.09308212291431232,0.04290947786585767,255,0.1262926469095067,0.1262926469095067,1.0461811819006237,1.0461811819006237,1.98792524149517,-2,0,0,1.1937011718750015
CGGGTCATCTTCACAT-1,143,675474,3245,52699,62466,557064,0.09247728261931623,0.030127967134187902,180,0.1426060518257095,0.1426060518257095,1.004013769272708,1.004013769272708,3.5078514622255486,20,0,0,1.6084960937500026
CGGGTCATCTTGCGGG-1,144,748898,3470,73844,67787,603797,0.09051566434948416,0.033177148880687575,196,0.13689169036260967,0.13689169036260967,0.9962182018798648,0.9962182018798648,3.462172169299578,25,0,0,1.488476562500002
CGTAGGCGTATATGAG-1,145,470938,2823,35030,41522,391563,0.08816871859990062,0.02089308367145297,127,0.17829773645954244,0.17829773645954244,1.0577472746096512,1.0577472746096512,1.9903315400275643,-2,0,0,2.2545898437500043
CGTCACTCATATCGCA-1,146,396396,1973,39275,33675,321473,0.08495292586201678,0.017578659234203858,104,0.17651127193176627,0.17651127193176627,0.9442931303289652,0.9442931303289652,3.536208766222409,28,0,0,2.404003906250004
CGTCCATCATGCCATA-1,147,819988,4418,62875,72510,680185,0.08842812333839031,0.036448722463834245,220,0.13787984306967974,0.13787984306967974,1.071153231405028,1.071153231405028,3.3272126742428485,6,0,0,1.489013671875002
CGTGAGCTCGGAGAAC-1,148,867582,4615,77953,75580,709434,0.08711568474219153,0.03838433765459909,230,0.1315864932685317,0.1315864932685317,1.0392683834473149,1.0392683834473149,1.9941779911270345,-2,0,0,1.2877929687500016
CGTGTCTCACGTAGGA-1,149,213768,1261,17354,18036,177117,0.08437184237116874,0.009459611235162304,57,0.23043021701498714,0.23043021701498714,0.9214623197171792,0.9214623197171792,3.502710491525779,21,0,0,3.929003906250007
CGTGTCTGTCTCGGCA-1,150,282982,1348,27349,22986,231299,0.08122778127230708,0.01247844589248314,75,0.2212768622042754,0.2212768622042754,1.011392652885035,1.011392652885035,1.9967884805104847,-2,0,0,3.3489746093750057
CTAAGACTCGTACGCG-1,151,398470,2175,36652,36463,323180,0.09150751624965492,0.01765532643392412,105,0.18134964275292206,0.18134964275292206,0.9721753911039688,0.9721753911039688,1.9978657448550456,-2,0,0,2.322119140625004
CTAATGGAGCGACGTA-1,152,428838,2403,36564,40012,349859,0.0933032986815534,0.018883926655538435,113,0.1890036950877328,0.1890036950877328,1.062825333608366,1.062825333608366,1.9908349308072257,-2,0,0,2.5099609375000043
CTAATGGGTAGAACAT-1,153,1725166,9110,136843,163463,1415750,0.09475204125284176,0.07653660718076788,458,0.08955316532708807,0.08955316532708807,0.9946912891360103,0.9946912891360103,3.4441293448729797,20,0,0,0.6781250000000005
CTAATGGTCCGACCAG-1,154,872078,4538,75771,81119,710650,0.09301805572437327,0.038659280922574514,230,0.12782396686282382,0.12782396686282382,1.0149297334726035,1.0149297334726035,1.9981248906769284,-2,0,0,1.2199707031250016
CTACACCGTCAACCGC-1,155,719998,3828,64419,67159,584592,0.09327664799068887,0.031949044405909933,189,0.14101041707702786,0.14101041707702786,1.0102227653947666,1.0102227653947666,1.9883076535538855,-2,0,0,1.4618164062500023
CTACACCTCTCGGTTC-1,156,997986,8615,96137,89101,804133,0.08928081155447071,0.04350836271096923,260,0.14301233247950546,0.14301233247950546,1.2060941334968316,1.2060941334968316,1.9909356888876446,-2,1,1,1.5062988281250023
CTAGAGTGTAAGTAAC-1,157,1448582,8004,112007,136469,1192102,0.09420868131731584,0.06434694823000817,386,0.09712144314680432,0.09712144314680432,0.9989901751711908,0.9989901751711908,3.5542206632920963,28,0,0,0.7928710937500009
CTAGAGTGTACTCGTA-1,158,456624,2227,36382,44308,373707,0.09703388345772453,0.020301394117300045,121,0.16340524883734114,0.16340524883734114,0.9507357317654208,0.9507357317654208,3.5342997670204506,24,0,0,2.0863769531250034
CTAGAGTTCAGCCACG-1,159,1042772,5754,74863,99713,862442,0.09562301250896647,0.04622229654963647,279,0.13485625088796588,0.13485625088796588,1.1860353775774517,1.1860353775774517,3.151646629064088,10,1,1,1.4090820312500019
CTAGCCTCATGCCATA-1,160,402468,2293,31294,37571,331310,0.09335152111472217,0.017874859388258273,107,0.18323424864140408,0.18323424864140408,0.9969239679873,0.9969239679873,1.9947396033716904,-2,0,0,2.367773437500004
CTAGTGAAGCAGTCTT-1,161,1950576,9239,154627,181734,1604976,0.09316940226886827,0.08684645564999321,520,0.0868674789279999,0.0868674789279999,1.02889545306149,1.02889545306149,3.500766618825918,14,0,0,0.6402343750000005
CTAGTGAGTCATCTAG-1,162,556874,2742,44158,52315,457659,0.09394405197585093,0.024785801488864202,148,0.15563601356793902,0.15563601356793902,0.9987302838116564,0.9987302838116564,3.51714199771953,22,0,0,1.892968750000003
CTAGTGAGTGTTCCGG-1,163,1499660,6382,123433,137149,1232696,0.0914533961031167,0.06683859223088769,399,0.10002849974883404,0.10002849974883404,1.0433374735017846,1.0433374735017846,3.450961174971648,8,0,0,0.8289550781250008
CTCACACTCGTGTACA-1,164,832812,4359,75077,76335,677041,0.09165934208440801,0.03689204706773174,219,0.12573708086559993,0.12573708086559993,0.9710959248786496,0.9710959248786496,3.482152229134448,13,0,0,1.2778320312500018
CTCAGAATCACGCTCT-1,165,949322,7776,89190,86679,765677,0.09130621643657262,0.04142977652867219,248,0.13077365176179415,0.13077365176179415,1.0716327869665496,1.0716327869665496,1.987545044257076,-2,0,0,1.273730468750002
CTCATTATCTCAGATG-1,166,593298,2962,45707,56577,488052,0.09536017313390573,0.026380001888384214,158,0.1454583574139689,0.1454583574139689,0.9709721517749608,0.9709721517749608,3.461722521514028,23,0,0,1.6738769531250026
CTCCTAGTCGGGTCCA-1,167,2057090,9741,142823,191902,1712624,0.09328809143012702,0.0915981285277795,555,0.08778939236450116,0.08778939236450116,1.0776704389575245,1.0776704389575245,3.482957767183989,16,0,0,0.6493652343750005
CTCGAAACAGTGGATG-1,168,404336,2202,31795,38561,331778,0.0953687032566974,0.018060460398267426,107,0.20012301325752235,0.20012301325752235,1.084393318480212,1.084393318480212,1.9972709906304011,-2,0,0,2.790722656250004
CTCGGAGTCACCGCAG-1,169,737158,3766,57180,72338,603874,0.09813092986849496,0.03279759623025065,196,0.14268527801341868,0.14268527801341868,1.049144770523616,1.049144770523616,5.6254443169414206,16,0,0,1.7510742187500026
CTCGGGAGTACGCGAA-1,170,703174,3404,54131,67436,578203,0.09590229445343544,0.03132832662401891,187,0.14045078646738374,0.14045078646738374,1.0065117632755944,1.0065117632755944,3.6151451338701666,23,0,0,1.5712402343750025
CTCGTACTCGCACAGC-1,171,1136020,5956,95776,104585,929703,0.09206263974225806,0.05028535278584426,301,0.1080639396809414,0.1080639396809414,0.9857412562627704,0.9857412562627704,3.4807983087391148,6,0,0,0.9648437500000009
CTCTAATGTCCTCCAT-1,172,1247834,6331,94633,117905,1028965,0.09448772833566003,0.055520718501776305,333,0.11174933098867326,0.11174933098867326,1.0693632182640276,1.0693632182640276,3.5163537334957504,18,0,0,1.018359375000001
CTCTACGCAATAGGAT-1,173,828704,4706,68691,78917,676390,0.09522941846545932,0.03676920935579699,219,0.1252336932894086,0.1252336932894086,0.9790629740952786,0.9790629740952786,3.5254743647151012,10,0,0,1.2718750000000016
CTGATCCCAACTTTCT-1,174,233710,1587,29993,20190,181940,0.08638911471481751,0.010133818190275286,59,0.4702340910398269,0.4702340910398269,1.8981126735199805,1.8981126735199805,1.232127225999818,3,1,1,13.205859375000026
CTGCCTAGTCCAAGTT-1,175,818142,4070,68448,76831,668793,0.0939091257996778,0.03633177866693612,217,0.11858937269860036,0.11858937269860036,0.9192542774686756,0.9192542774686756,3.3795044493142243,14,0,0,1.1499023437500018
CTGCCTATCGATTGCA-1,176,944042,4932,83070,85748,770292,0.0908307045661104,0.04176253631195009,249,0.11815420628150128,0.11815420628150128,0.9675108561310274,0.9675108561310274,1.9931563884204413,-2,0,0,1.0534667968750016
CTGCTGTTCGAGGAGT-1,177,1701998,6518,143060,158148,1394272,0.09291902810696603,0.07596038680599332,451,0.09472732252433884,0.09472732252433884,1.0408417544851458,1.0408417544851458,3.4921766658728934,12,0,0,0.7501464843750006
CTGTGCTTCGTTACCC-1,178,953788,4638,73166,86029,789955,0.09019719266755297,0.04242513709210109,256,0.14851192886306822,0.14851192886306822,1.2497759976928808,1.2497759976928808,4.630008608682871,1,1,1,1.7573242187500027
CTGTTTACAAGCAAGC-1,179,1245848,6595,106385,115850,1017018,0.09298887183669276,0.055319057690422696,329,0.1075024257096216,0.1075024257096216,1.0133246340181838,1.0133246340181838,3.492674287554339,26,0,0,0.9516113281250009
CTGTTTACACCTGGCA-1,180,1265568,6256,98696,116915,1043701,0.09238144453715644,0.05608044873716203,338,0.11337037317298905,0.11337037317298905,1.1016756056935548,1.1016756056935548,3.9392108965430355,4,0,0,1.0614257812500014
CTTACCGAGCATCTTG-1,181,274560,1384,22455,25290,225431,0.09211101398601397,0.012230141164685638,73,0.21113977004131085,0.21113977004131085,0.9461593875937389,0.9461593875937389,1.9927328936232716,-2,0,0,3.067041015625005
CTTAGGATCCAAAGAA-1,182,555004,3111,44706,52458,454729,0.0945182377063949,0.024459135732670653,147,0.1475753335007074,0.1475753335007074,0.9495109641651248,0.9495109641651248,3.536258660508083,9,0,0,1.7305664062500026
CTTAGGATCTCGTCTG-1,183,998712,4664,75912,92108,826028,0.09222678810307676,0.04442839857394948,267,0.11576080010561172,0.11576080010561172,0.996143954973314,0.996143954973314,3.3152447728608614,10,0,0,1.0856445312500012
CTTAGGATCTCTAGTT-1,184,1507476,6847,105362,141098,1254169,0.0935988367310657,0.06697671390522458,406,0.10573957393438882,0.10573957393438882,1.119432768756087,1.119432768756087,3.4285534327104767,10,1,1,0.9120605468750009
CTTCTCTAGGTGTTAA-1,185,404470,2201,34869,37020,330380,0.09152718372190767,0.017792606212914622,107,0.17141693499285812,0.17141693499285812,0.9407991474724068,0.9407991474724068,3.446162457146855,19,0,0,2.2716796875000043
CTTGGCTAGTTGTAGA-1,186,523834,2299,46138,48339,427058,0.09227923349763474,0.023255872999118167,138,0.14969885316725415,0.14969885316725415,0.9230014650120272,0.9230014650120272,3.5037714989434203,32,0,0,1.7777832031250023
CTTGGCTGTACGGTGA-1,187,825094,3754,66245,74501,680594,0.09029395438580333,0.03667240401939075,220,0.1269148938029103,0.1269148938029103,0.9908845283329843,0.9908845283329843,3.4973134077743264,22,0,0,1.2990722656250016
GAAATGAAGATAGCAT-1,188,898682,5819,76885,87545,728433,0.09741488090336738,0.039546767816239184,236,0.1299322547868928,0.1299322547868928,1.0430164650590126,1.0430164650590126,2.0189672307843054,-2,0,0,1.2595703125000017
GAACATCCAGTGCTTA-1,189,1050458,5842,91761,99463,853392,0.09468536581186493,0.046365524966861124,276,0.1114629521629677,0.1114629521629677,0.9708887499473092,0.9708887499473092,3.449954857538791,27,0,0,1.0216308593750012
GAACATCTCACGTATG-1,190,654614,4208,49671,62573,538162,0.09558762873999027,0.02906340536373183,174,0.15475010796760102,0.15475010796760102,1.0827785990535266,1.0827785990535266,3.5870645025884986,15,0,0,1.8626464843750026
GAAGCAGAGGGAACGG-1,191,750834,4274,68238,70171,608151,0.09345740869486464,0.033312682374446095,197,0.1385453956861686,0.1385453956861686,1.0102223258934593,1.0102223258934593,1.9912176347095871,-2,0,0,1.415283203125002
GAATGAATCGGTGCAC-1,192,1834366,9575,129214,176964,1518613,0.0964714784290594,0.08157902052128714,492,0.12391836372772146,0.12391836372772146,1.4450825771987623,1.4450825771987623,4.431025431025431,15,1,1,1.2294433593750016
GACACGCAGTAGATGT-1,193,195996,1104,15473,18931,160488,0.09658870589195698,0.00877809306657761,52,0.2694337513013353,0.2694337513013353,1.015468298734958,1.015468298734958,1.981798468049386,-2,0,0,4.800292968750009
GACCAATAGCCAAACG-1,194,547078,3588,51528,50934,441028,0.09310189771842406,0.024123066976875485,143,0.15773075744475004,0.15773075744475004,0.9837313661657856,0.9837313661657856,1.994178887271913,-2,0,0,1.7965332031250025
GACCAATCACTACGTA-1,195,984206,5971,68749,95992,813494,0.09753242715447782,0.04347164603588305,263,0.11744379898266367,0.11744379898266367,1.0108949386086314,1.0108949386086314,3.466086396775864,6,0,0,1.122363281250001
GACCTGGAGCTTTGGT-1,196,1301904,5751,110498,120297,1065358,0.09240082218043727,0.05785907699790657,345,0.10418954240664292,0.10418954240664292,1.0086874992133057,1.0086874992133057,3.5287855883093977,22,0,0,0.9003906250000009
GACCTGGGTACTTGCA-1,197,959944,4828,80643,88082,786391,0.0917574358504246,0.042437142195934904,255,0.14801588527984672,0.14801588527984672,1.240332017933562,1.240332017933562,3.966448353555285,12,1,1,1.7123046875000025
GACGCGTAGCGTGAAC-1,198,1368940,7364,113414,144613,1103549,0.1056386693353982,0.06076588485095819,357,0.09704732526791672,0.09704732526791672,0.9537252874004272,0.9537252874004272,3.514555699436531,29,0,0,0.7941894531250009
GACGCGTTCGAGAATA-1,199,755422,4193,62668,69484,619077,0.09198037653126333,0.033393467413827975,200,0.13236226345333607,0.13236226345333607,0.97855618184589,0.97855618184589,3.5386784991916462,15,0,0,1.4077148437500018
GACGGCTTCTCATGTT-1,200,765536,4165,59682,72721,628968,0.09499357313046022,0.033783645431148326,204,0.14590384936922285,0.14590384936922285,1.0909015620729603,1.0909015620729603,1.9954236612109804,-2,0,0,1.560009765625002
GACGTTAGTTACGGCC-1,201,959576,4960,81172,88810,784634,0.09255129348795718,0.04261454962138814,254,0.1270309782466398,0.1270309782466398,1.056361923794636,1.056361923794636,2.004701569288678,-2,0,0,1.2076660156250014
GACTACATCCTTGAAG-1,202,1096480,5995,89150,104794,896541,0.09557310666861228,0.048582048254130664,290,0.11165413576358296,0.11165413576358296,0.9983979820122788,0.9983979820122788,3.425921129087587,22,0,0,1.0204589843750012
GACTGCGAGTAGGTGC-1,203,1250362,7212,118147,115272,1009731,0.09219090151492128,0.0549406004753538,327,0.10916739922232446,0.10916739922232446,1.0424264551961986,1.0424264551961986,3.4803049288429366,22,0,0,0.977246093750001
GAGTCCGAGTGCGATG-1,204,1021892,5421,69773,96634,850064,0.09456380909137167,0.045437280948059336,275,0.14537480116379334,0.14537480116379334,1.2795024992730957,1.2795024992730957,4.677266524371042,2,1,1,1.6882324218750022
GAGTCCGCATTCAGTG-1,205,457620,2728,35853,44082,374957,0.09632883178182773,0.020291743729988942,121,0.17239894078258816,0.17239894078258816,0.9955842769484512,0.9955842769484512,1.9963833255216896,-2,0,0,2.1168945312500034
GAGTCCGTCTGTATGG-1,206,456486,2457,38063,42116,373850,0.09226131798127436,0.020216531390188447,121,0.16933423392611366,0.16933423392611366,0.9831678622495296,0.9831678622495296,3.533109431849986,31,0,0,2.217138671875004
GATCGATGTCGCGAAA-1,207,354720,1803,32265,33235,287417,0.09369361750112763,0.01571435193166761,93,0.18818719240453247,0.18818719240453247,0.954246411510436,0.954246411510436,3.5567505160410033,25,0,0,2.7041015625000044
GATCGCGGTGCGAAAC-1,208,1167664,6907,94384,114106,952267,0.09772160484522943,0.05157095806516948,308,0.10881730102731874,0.10881730102731874,1.0013747425268802,1.0013747425268802,3.4296750356872954,21,0,0,0.9727050781250008
GATCGTAGTGTAATGA-1,209,390816,2590,33618,36626,317982,0.09371673626463604,0.017130980088530035,103,0.17923743842527226,0.17923743842527226,0.9555831163848074,0.9555831163848074,1.9981735990595084,-2,0,0,2.271337890625004
GATCGTATCACGACGC-1,210,1114756,6419,92211,104336,911790,0.09359536974907512,0.04927871535805619,295,0.10857692217611112,0.10857692217611112,0.9844068299555024,0.9844068299555024,3.666769297515167,29,0,0,0.983007812500001
GATCGTATCAGTTCTT-1,211,760678,4027,85016,68834,602801,0.09049032573572524,0.03308709424973588,195,0.136873376080779,0.136873376080779,1.0034045192482255,1.0034045192482255,1.9961516663284797,-2,0,0,1.383642578125002
GATGAAAAGTAGGCCA-1,212,1867248,10525,145947,174171,1536605,0.09327684378293616,0.08285198959907464,498,0.08720192427650908,0.08720192427650908,1.0139435432412858,1.0139435432412858,3.530433930296708,22,0,0,0.6470214843750004
GATGCTAGTGCGAAAC-1,213,932584,5814,82030,88553,756187,0.09495444914345516,0.04112655334839925,245,0.12198687692793292,0.12198687692793292,0.994120105667838,0.994120105667838,1.9917357685175465,-2,0,0,1.1181640625000013
GATTCAGCACTGTATG-1,214,421756,2436,30283,40000,349037,0.0948415671620558,0.018810076890975504,113,0.18746957755105328,0.18746957755105328,1.041741759113405,1.041741759113405,1.999132557765357,-2,0,0,2.473046875000004
GCAAACTTCTGAAGGG-1,215,415498,2186,36807,38677,337828,0.09308588729668976,0.018537329998436484,109,0.1795142802723977,0.1795142802723977,0.981254251102695,0.981254251102695,1.9810309480327744,-2,0,0,2.2777832031250034
GCACATAAGAAGGGTA-1,216,1327634,7308,100752,123760,1095814,0.09321846231717476,0.05900020785489446,355,0.10766927991958072,0.10766927991958072,1.058191314735086,1.058191314735086,3.481204428085595,18,0,0,0.9498046875000008
GCATGATCATCTGTAG-1,217,518956,2542,38696,49916,427802,0.09618541841697563,0.023213686918533483,139,0.1609317082572623,0.1609317082572623,0.9887875463719,0.9887875463719,2.044038750743189,8,0,0,1.8694335937500024
GCGAGAAGTTAGAGCG-1,218,673530,3848,59754,61875,548053,0.09186673199412053,0.029517194079173324,177,0.16468131923949486,0.16468131923949486,1.1644648221045115,1.1644648221045115,4.4995976347923445,7,1,1,2.1421875000000035
GCGCAGTGTATACACC-1,219,1051380,6315,92302,96199,856564,0.09149784093286918,0.046385349335627615,277,0.1224412771516764,0.1224412771516764,1.0606091356470748,1.0606091356470748,1.9949401283513777,-2,0,0,1.1278808593750016
GCGCAGTGTTCCCACT-1,220,801666,4260,73287,73998,650121,0.09230527426634036,0.03555253911504712,211,0.1418528280876478,0.1418528280876478,1.0659971495048712,1.0659971495048712,1.9879068660727408,-2,0,0,1.480126953125002
GCGCCAACATATCGTG-1,221,492272,2897,39368,44860,405147,0.09112848181493158,0.02173826823821397,131,0.1672005124919923,0.1672005124919923,0.9958519404846322,0.9958519404846322,2.0450668551157634,-2,0,0,2.0062988281250034
GCGGGTTCACTATGCA-1,222,947556,4626,74802,87636,780492,0.09248635436850172,0.042010650641876944,253,0.1218402241248279,0.1218402241248279,1.0222536214036355,1.0222536214036355,3.5659660514126585,3,0,0,1.2046386718750017
GCGGGTTGTGTGTTCA-1,223,942802,4676,82734,83862,771530,0.08894974766706053,0.04162133718631617,250,0.11558041932450773,0.11558041932450773,0.9536140350196908,0.9536140350196908,3.457842958899509,27,0,0,1.0948730468750012
GCTCCTACAAGCATGG-1,224,508860,2918,39273,47901,418768,0.0941339464685768,0.022650681386444344,136,0.17270769925604387,0.17270769925604387,1.0522901224201269,1.0522901224201269,1.9970890363030762,-2,0,0,2.1270019531250037
GCTCCTATCAGAAACA-1,225,493954,2879,47209,44608,399258,0.09030800438907266,0.021873128863307174,129,0.1701447426943876,0.1701447426943876,1.0084413654010147,1.0084413654010147,1.9980828435488385,-2,0,0,2.0673828125000036
GCTGCTTTCTTTCGCG-1,226,343080,1782,26788,31138,283372,0.09076017255450623,0.015139529426973983,92,0.3189149058783137,0.3189149058783137,1.5866936034532222,1.5866936034532222,5.600044781550001,1,1,1,7.051611328125014
GCTGGGTTCACCAGCG-1,227,603046,2767,50059,57289,492931,0.09499938644813163,0.02681284813327801,160,0.1408244619078564,0.1408244619078564,0.9379244912586232,0.9379244912586232,3.5204814218739067,14,0,0,1.5875488281250023
GCTTGAACAATCCTTT-1,228,571278,2819,61303,51430,455726,0.09002622190947315,0.024889248731941763,148,0.15295261348236586,0.15295261348236586,0.9852276802301662,0.9852276802301662,3.5253845830825434,22,0,0,1.8384765625000026
GCTTGAACAATCTCTT-1,229,624326,3296,66472,56948,497610,0.09121516643548402,0.027286247829396277,161,0.14702613197121558,0.14702613197121558,0.9846198450197621,0.9846198450197621,1.9979777623835815,-2,0,0,1.5780761718750025
GCTTGAACACACGCAC-1,230,1531012,9429,121538,143314,1256731,0.0936073655856388,0.06789143805618084,407,0.09555268601392228,0.09555268601392228,1.0004024352244263,1.0004024352244263,3.4694376185775595,25,0,0,0.7652343750000007
GCTTGAATCGAGTATC-1,231,1274724,6493,111296,117966,1038969,0.09254238564583392,0.05664814330252474,336,0.1085639066118676,0.1085639066118676,1.031814378712384,1.031814378712384,3.5034475034475037,23,0,0,0.9673339843750008
GGAAAGCGTGGTCAAG-1,232,559900,3246,49309,51359,455986,0.09172888015717093,0.02477515507459712,148,0.16010860957121847,0.16010860957121847,1.0264761083085154,1.0264761083085154,1.9945634301467243,-2,0,0,1.8483398437500025
GGAATAAGTTGCAGCC-1,233,836038,4882,74665,78155,678336,0.09348259289649513,0.037071811800154904,220,0.13602087300644514,0.13602087300644514,1.0485308188483995,1.0485308188483995,1.994542821361356,-2,0,0,1.3694824218750017
GGACATTCATCCCTTG-1,234,1196564,6032,85222,111486,993824,0.09317178186875086,0.05301097180811369,322,0.11282797383884498,0.11282797383884498,1.068208930945116,1.068208930945116,5.206528052851474,6,0,0,1.1126464843750012
GGACATTTCAATCTTC-1,235,1702972,8707,115488,162694,1416083,0.09553533469722343,0.07594087361469909,459,0.0996065728488077,0.0996065728488077,1.1118699449406957,1.1118699449406957,3.468997052006526,9,1,1,0.8177246093750008
GGACGTCAGCGACGTA-1,236,614474,3225,48418,60238,502593,0.09803181257465736,0.027315699271448893,163,0.1463629921553514,0.1463629921553514,0.979666576362434,0.979666576362434,3.5707397298621317,15,0,0,1.6979980468750022
GGACGTCCAGCGTCAC-1,237,866092,4806,74869,80566,705851,0.09302245027087193,0.03848237183440517,229,0.13335186353558462,0.13335186353558462,1.0506512403639074,1.0506512403639074,1.9955641070491517,-2,0,0,1.3203125000000018
GGACGTCGTCAGCCGT-1,238,314228,1755,29064,27189,256220,0.08652634392861235,0.013908811190951659,83,0.1956458753115824,0.1956458753115824,0.9364156217775194,0.9364156217775194,1.9926050302585092,-2,0,0,2.6655761718750037
GGAGCAAGTCATACTG-1,239,460900,2806,33215,43470,381409,0.09431546973313083,0.020393537620128525,124,0.18568723505406087,0.18568723505406087,1.0920833443085585,1.0920833443085585,1.715888896662702,14,0,0,2.4016113281250036
GGATTACGTAAGAAGG-1,240,815254,3477,67382,75441,668954,0.0925368044805668,0.03642848621395982,217,0.13412716011974762,0.13412716011974762,1.0302207840535005,1.0302207840535005,2.594423258580275,0,0,1,1.3726074218750017
GGCAATTAGGATCGCA-1,241,1236102,6592,86924,114173,1028413,0.09236535496261636,0.05478695036515838,333,0.11111306991030953,0.11111306991030953,1.0669352158892274,1.0669352158892274,3.341598952974853,7,0,0,1.000781250000001
GGCCGATGTGCACACC-1,242,1288022,6938,106126,118624,1056334,0.09209780578282048,0.05717636592837721,342,0.1014501597641424,0.1014501597641424,0.9747364151682376,0.9747364151682376,3.518778833297164,27,0,0,0.8599121093750008
GGCGTGTTCACACTAG-1,243,862908,4745,66760,79665,711738,0.09232154528640366,0.03820724723512437,230,0.13321327758452225,0.13321327758452225,1.0724296582749524,1.0724296582749524,4.097033512908417,2,0,1,1.4454101562500017
GGCTCGAAGCTGAACG-1,244,687214,3969,62303,62606,558336,0.09110117081433147,0.030384674948960223,181,0.13996470308465825,0.13996470308465825,0.9858098038768396,0.9858098038768396,1.995199977609225,-2,0,0,1.441210937500002
GGCTGGTTCAGCCACG-1,245,833486,4176,75481,77600,676229,0.09310294354074332,0.03681638496153273,219,0.13003087313963713,0.13003087313963713,1.0092413324828984,1.0092413324828984,3.480402242143052,27,0,0,1.3541015625000017
GGGAATGTCAGTGAAA-1,246,473820,3016,43401,44144,383259,0.0931661812502638,0.02077813969980846,124,0.1731283486908482,0.1731283486908482,1.0156960937103008,1.0156960937103008,1.992576214499122,-2,0,0,2.1338378906250037
GGGATGAGTCGAGTAG-1,247,391950,1924,33028,33975,323023,0.08668197474167623,0.017447888277658762,105,0.2012891923288244,0.2012891923288244,1.0766417492441118,1.0766417492441118,1.9909960962095454,-2,0,0,2.8193847656250046
GGGCACTAGTGTTAGA-1,248,786190,3410,65721,71195,645864,0.09055699004057544,0.03508703056877188,209,0.1240959435278187,0.1240959435278187,0.9380346674350905,0.9380346674350905,3.6406671005759796,14,0,0,1.2637695312500017
GGGTCTGGTACGTCAT-1,249,921460,8182,77517,84282,751479,0.09146571744839713,0.04074143803636392,243,0.12853371152248647,0.12853371152248647,1.043156742976604,1.043156742976604,1.9880464146242458,-2,0,0,1.2329589843750013
GGGTTGCAGCAATCTC-1,250,1055276,5670,92550,95881,861175,0.0908586947869562,0.04670772822547845,279,0.1202135542615064,0.1202135542615064,1.050492382755528,1.050492382755528,1.9949537367544339,-2,0,0,1.0898437500000013
GGTGAAGAGAATTCCC-1,251,1152132,5880,97008,105445,943799,0.09152163120198033,0.05118855527517908,306,0.10396875041535417,0.10396875041535417,0.9452661216543228,0.9452661216543228,3.4760934557191567,24,0,0,0.9015625000000009
GGTGAAGAGCACGCCT-1,252,1065536,5862,93399,97821,868454,0.0918045002702865,0.0472118765300946,281,0.1094955703980764,0.1094955703980764,0.9626346800061698,0.9626346800061698,3.4111394885071546,24,0,0,0.987646484375001
GGTGTTAAGGCAGTCA-1,253,1163914,5878,97888,106601,953547,0.09158838195949186,0.05149063898248124,309,0.11300641787476745,0.11300641787476745,1.036649203573038,1.036649203573038,3.4801251715157795,27,0,0,1.0410644531250013
GGTGTTATCGCGAGAA-1,254,581124,2509,45516,52536,480563,0.0904041134078097,0.025914676292443865,156,0.14509531110086926,0.14509531110086926,0.9531626639056168,0.9531626639056168,5.722467114469634,13,0,0,1.8664062500000025
GTAACTGGTTGGTGAG-1,255,1279450,6116,107764,120253,1045317,0.09398804173668374,0.05692777042287929,338,0.10182724854823673,0.10182724854823673,0.9712372904266156,0.9712372904266156,3.558390022675737,19,0,0,0.8677246093750008
GTACGTAAGCCTATGT-1,256,651508,3858,50936,62397,534317,0.09577319081269917,0.028884740276153436,173,0.1398865569801416,0.1398865569801416,0.9729088686139448,0.9729088686139448,3.5280993990443474,19,0,0,1.5617187500000023
GTACTTTGTGGACGTA-1,257,784086,3754,61624,72906,645802,0.09298214736648787,0.03473471614704424,209,0.13355215010947485,0.13355215010947485,1.017029484639818,1.017029484639818,3.5080646854247868,20,0,0,1.4237792968750018
GTAGTCACACGACGCT-1,258,1050336,6188,85917,100987,857244,0.09614732809310544,0.0463189296213026,278,0.11323909481225085,0.11323909481225085,0.9921679842432108,0.9921679842432108,3.5298200442193055,13,0,0,1.0537597656250013
GTAGTCATCGATAGGG-1,259,511424,2341,40335,47918,420830,0.09369525090727067,0.02284676723157525,136,0.16016513113470346,0.16016513113470346,0.97727714599752,0.97727714599752,2.022385292862589,-2,0,0,1.8503417968750022
GTATCTTAGGTGCTTT-1,260,1281784,5376,96078,116783,1063547,0.09110973455746052,0.057066044933602164,344,0.10845156611839106,0.10845156611839106,1.0533390823484219,1.0533390823484219,4.3128403253125045,4,0,0,0.9982421875000012
GTATCTTCACGAAGGT-1,261,1081536,5576,89316,105194,881450,0.09726352151014853,0.04792412549785255,285,0.1146258458973607,0.1146258458973607,1.0083202149730146,1.0083202149730146,1.99468304661429,-2,0,0,0.9970703125000011
GTCACGGCACTCTGGG-1,262,1544104,7872,120133,140775,1275324,0.09116937719220987,0.06858083766043148,413,0.09733390965214976,0.09733390965214976,1.0299776176969373,1.0299776176969373,3.2416608318162723,13,0,0,0.7814453125000009
GTCATTTCACGGAATG-1,263,518692,2588,44078,48412,423614,0.0933347728517116,0.022972041906731938,137,0.16625230418679274,0.16625230418679274,1.0290275194315954,1.0290275194315954,3.479584697618448,26,0,0,2.126806640625004
GTCCTCATCGCGGACT-1,264,1566336,7260,106589,145387,1307100,0.09281980366919997,0.06979764908055483,423,0.10463112063519588,0.10463112063519588,1.1273975302313428,1.1273975302313428,3.0788814223715524,6,1,1,0.8815429687500008
GTCTCGTGTTGGTATC-1,265,1067098,4525,89137,91033,882403,0.08530894069710561,0.047455420663514096,286,0.11502768652191248,0.11502768652191248,1.0122335456483356,1.0122335456483356,3.4701811107378795,23,0,0,1.0777832031250012
GTCTCGTTCTACGGGC-1,266,945728,4803,79326,85919,775680,0.09084958888813698,0.04206232682585101,251,0.1280743319956243,0.1280743319956243,1.056791083011261,1.056791083011261,1.9927503778760567,-2,0,0,1.2254394531250015
GTCTTCGAGATCCCGC-1,267,859874,4447,74385,78146,702896,0.090880756948111,0.03816184122864559,228,0.1294858078978643,0.1294858078978643,1.017990108219007,1.017990108219007,1.9958225748892668,-2,0,0,1.2495117187500018
GTGAAGGGTCGCTCAG-1,268,772802,3602,67291,69809,632100,0.09033232315651356,0.0343957852708772,205,0.1349782941529337,0.1349782941529337,1.0063576269196086,1.0063576269196086,3.4414710802808326,10,0,0,1.4474609375000018
GTGCTTCTCAGTAAAG-1,269,346772,1900,32001,32669,280202,0.0942088749956744,0.015306777118431534,91,0.20197282230705546,0.20197282230705546,1.0181597273101102,1.0181597273101102,1.9906819914794787,-2,0,0,2.8320800781250046
GTGGGTCCAGACAGTG-1,270,638150,3376,47806,60652,526316,0.09504348507404216,0.028339824808417194,170,0.14517263120474613,0.14517263120474613,0.9997397502604564,0.9997397502604564,3.459405178446466,20,0,0,1.6604492187500024
GTGGGTCCAGCCCGAT-1,271,967236,5342,78368,93616,789910,0.09678713364680387,0.04287797414199525,256,0.1293829315443314,0.1293829315443314,1.0804579126445502,1.0804579126445502,1.9982717362403617,-2,0,0,1.2495605468750017
GTGTTAGGTTCCACAA-1,272,625660,2907,44991,59040,518722,0.0943643512450852,0.027915858940398445,168,0.14520105964190416,0.14520105964190416,0.9944886948555918,0.9944886948555918,3.8066376046965638,21,0,0,1.6907714843750026
GTTAAGCGTGCTCGAC-1,273,1010564,5388,90521,94062,820593,0.09307871643953278,0.04474218495037256,266,0.11828006348218174,0.11828006348218174,1.008421941667327,1.008421941667327,3.4851967467838794,15,0,0,1.1367187500000016
GTTCATTCACGACTAT-1,274,741886,3969,58271,70710,608936,0.09531113944730052,0.03286433003630105,197,0.15018210604317694,0.15018210604317694,1.1134875605962553,1.1134875605962553,3.6352171326591316,18,1,1,1.7599121093750025
GTTCTCGCAACAGCCC-1,275,772156,4192,71340,70314,626310,0.09106190976952844,0.03429051759101599,203,0.13146596302370556,0.13146596302370556,0.9801489749522208,0.9801489749522208,3.477502379219616,19,0,0,1.386132812500002
GTTCTCGCACGCCTGA-1,276,330502,1748,29220,30334,269200,0.09178159284966506,0.014710334093630456,87,0.21143736390061588,0.21143736390061588,1.0373187140199158,1.0373187140199158,1.9956134827687528,-2,0,0,3.0832519531250053
GTTCTCGGTTCGATTG-1,277,556178,2778,44608,52253,456539,0.0939501382650878,0.02465963634747574,148,0.16827901826799346,0.16827901826799346,1.0731525374742104,1.0731525374742104,2.00270022595155,-2,0,0,2.0290527343750036
TAAGAGAAGATCCTGT-1,278,2095702,11800,168918,202948,1712036,0.0968401041751165,0.09302914079044114,554,0.08411783222826101,0.08411783222826101,1.0246067381561403,1.0246067381561403,3.5379375048135158,22,0,0,0.6041015625000004
TAAGAGACATCTGTAG-1,279,368712,2490,31530,36418,298274,0.09877085638655644,0.01628107054604029,97,0.2001663408875217,0.2001663408875217,1.0329062167653429,1.0329062167653429,1.9969501318578313,-2,0,0,2.788232421875004
TAAGAGAGTTCTCTCG-1,280,194010,1128,15652,18714,158516,0.09645894541518478,0.008605114010646463,51,0.26118933686508355,0.26118933686508355,0.9804568966544279,0.9804568966544279,1.974757471690459,-2,0,0,4.52861328125001
TAAGTGCCATGGCACC-1,281,868098,4877,78251,84610,700360,0.09746595430469833,0.03861676553138703,227,0.12762593031251,0.12762593031251,0.9982261456837672,0.9982261456837672,1.9915891120285494,-2,0,0,1.2157714843750018
TAAGTGCTCCCACAAA-1,282,647306,3790,51649,64910,526957,0.10027714867466082,0.028839873082696355,171,0.14302738083534186,0.14302738083534186,0.9840214136554556,0.9840214136554556,3.4657693330161883,19,0,0,1.6187500000000024
TACAGTGTCCCGCATT-1,283,1266088,7195,111739,120277,1026877,0.09499892582506113,0.05577117232934845,333,0.10157084570388672,0.10157084570388672,0.9711701636823942,0.9711701636823942,3.3946338971426973,11,0,0,0.8577636718750008
TACGGATAGCCATGCC-1,284,1414470,9196,117529,135046,1152699,0.09547463007345508,0.06224649284467058,373,0.1115338188645975,0.1115338188645975,1.133346329604636,1.133346329604636,1.9469179520197073,-2,1,1,0.9482910156250008
TACGGGCCAAGCTATC-1,285,840512,4708,73085,76279,686440,0.0907530172085586,0.037168354853780144,222,0.13478268085286144,0.13478268085286144,1.0550889020262717,1.0550889020262717,1.9693144204729147,-2,0,0,1.3448730468750016
TACGGGCTCGACTTCC-1,286,1375292,7426,120151,128583,1119132,0.09349505414122963,0.06090168548458624,362,0.10059129205314166,0.10059129205314166,1.0009912182564922,1.0009912182564922,3.551749485445457,25,0,0,0.8456542968750007
TACGGTAAGTAGGTGC-1,287,902682,5352,85240,82502,729588,0.09139652723772047,0.03965039962868115,236,0.12552291324995213,0.12552291324995213,1.0060344460016994,1.0060344460016994,2.003001973325123,-2,0,0,1.1798339843750019
TACTCGCGTCAGTTTG-1,288,320580,1677,29437,27837,261629,0.08683323975294778,0.014141246191469451,85,0.20086182934781288,0.20086182934781288,0.9719403453655734,0.9719403453655734,1.9862725205527374,-2,0,0,2.7997070312500045
TACTCGCGTCCAGCCA-1,289,445072,2482,36164,38803,367623,0.08718364669087249,0.019683792319608425,119,0.15521114642399192,0.15521114642399192,0.8991214041496512,0.8991214041496512,3.5867688217184437,15,0,0,1.920166015625003
TACTTACTCTCCACGT-1,290,937666,4717,78244,88351,766354,0.09422438266930867,0.041695771420533045,248,0.1374222034450239,0.1374222034450239,1.1383394629493262,1.1383394629493262,3.4260101929377504,27,1,1,1.4782714843750022
TACTTGTCAACCCACG-1,291,952062,5494,94679,87940,763949,0.09236793402110367,0.04210028691560265,247,0.11966347469220248,0.11966347469220248,0.9820397627068777,0.9820397627068777,3.4962203401693848,23,0,0,1.1653808593750017
TAGCCGGAGATAGCAT-1,292,1147930,6422,93997,110809,936702,0.09652940510309864,0.050815598550975324,303,0.10804580071341732,0.10804580071341732,0.9915040338124306,0.9915040338124306,3.481116756953485,13,0,0,0.9641113281250009
TAGTGGTTCCGAGATT-1,293,435690,1965,41774,41846,350105,0.09604535334756363,0.019304214736117008,113,0.17448646261610873,0.17448646261610873,0.9709872548120188,0.9709872548120188,1.9920729872873943,-2,0,0,2.1624511718750026
TATCTCAAGCCTAACT-1,294,833704,5345,77366,77397,673596,0.09283510694443113,0.036697549166746515,218,0.1375731098942057,0.1375731098942057,1.061825838541562,1.061825838541562,2.0009449149576537,-2,0,0,1.399169921875002
TATGCCCAGACTAAGT-1,295,682736,3806,55666,66133,557131,0.096864673900307,0.030194671797707087,180,0.14592844523971366,0.14592844523971366,1.028939387561855,1.028939387561855,1.994773519163763,-2,0,0,1.5582031250000021
TATGCCCAGGCACATG-1,296,862806,5466,63536,86216,707588,0.0999251280125544,0.03836356809640331,229,0.12674790596425012,0.12674790596425012,1.012459183836711,1.012459183836711,3.4912599890837335,17,0,0,1.2927246093750016
TATTACCAGCTGCCCA-1,297,1266664,7527,107280,119890,1031967,0.0946501992635774,0.055994379509257855,334,0.11895292937635125,0.11895292937635125,1.13520535674762,1.13520535674762,3.613715605965133,22,1,1,1.1398925781250016
TCAATCTTCCAACAAC-1,298,1310154,8187,110370,126691,1064906,0.09669931931666048,0.05804814046443076,345,0.10227424462569848,0.10227424462569848,0.9892716892775032,0.9892716892775032,3.6431534979395077,20,0,0,0.8768066406250008
TCAGCAATCGTATCCC-1,299,1090234,6640,93379,102754,887461,0.09424949139359072,0.04817250923429025,287,0.1152537317694083,0.1152537317694083,1.0130014220396957,1.0130014220396957,2.002988542752959,-2,0,0,1.0078125000000009
TCAGGTAGTCTGGGCT-1,300,875752,4722,82560,80771,707699,0.09223044880285744,0.03864524458431455,229,0.12917770455225924,0.12917770455225924,1.0208609593335969,1.0208609593335969,3.550351304445191,22,0,0,1.3395507812500016
TCATTACCAGCTTGAT-1,301,747176,4067,61583,71721,609805,0.09598943220874333,0.03316016267065617,197,0.14990723797363786,0.14990723797363786,1.102953104717623,1.102953104717623,1.9947303595672317,-2,0,0,1.6402343750000026
TCATTACGTAGCGTCC-1,302,671748,3970,59628,61014,547136,0.09082870362100072,0.02960172846709983,177,0.1444664321596398,0.1444664321596398,1.0013846728522808,1.0013846728522808,2.00126623013208,-2,0,0,1.5292480468750023
TCATTTGTCTACGTGA-1,303,1216910,5544,85041,115421,1010904,0.09484760582130147,0.05415681339337061,327,0.11120246026783108,0.11120246026783108,1.0556867294206929,1.0556867294206929,3.6524628041309293,7,0,0,1.0166503906250013
TCCCGATGTAGTCTGT-1,304,1312992,5981,110115,121827,1075069,0.09278579001242962,0.05840835056928406,348,0.10796841259200378,0.10796841259200378,1.0455744253423225,1.0455744253423225,1.995730623328994,-2,0,0,0.893408203125001
TCGAGGCCAGATACCT-1,305,726614,4217,60986,64896,596515,0.08931289515478645,0.03206117385665023,193,0.15978890952895425,0.15978890952895425,1.172404109650976,1.172404109650976,4.625677765106729,2,1,1,2.0314453125000034
TCGCGTTTCCGAAGCC-1,306,804648,3982,63279,69013,668374,0.08576793827860132,0.03556294397011096,216,0.14948125442385155,0.14948125442385155,1.168879785787546,1.168879785787546,2.6256062143531964,2,1,1,1.6731933593750026
TCGCGTTTCTATTGCT-1,307,1048712,4063,71481,90546,882622,0.08634019635514803,0.046706484487007094,286,0.1142746305543285,0.1142746305543285,1.0161487409516534,1.0161487409516534,3.511969889885408,-4,0,1,1.0676757812500013
TCGGGACGTCAAGTCT-1,308,483412,2771,47497,43189,389955,0.08934201054173252,0.021261607169046102,126,0.16438389222873506,0.16438389222873506,0.9687733124210156,0.9687733124210156,3.532354217103514,22,0,0,2.101611328125003
TCGGTAAAGCGCCTCA-1,309,1017660,4671,79900,88027,845062,0.08649942023858656,0.04527190712135934,274,0.11335263687554008,0.11335263687554008,0.988012613962196,0.988012613962196,3.4952552905609675,12,0,0,1.0547363281250013
TCGGTAAGTTTAGCAC-1,310,1194646,5900,97429,108076,983241,0.09046696678346557,0.05297839952477313,318,0.10657035929935144,0.10657035929935144,1.0001902543487804,1.0001902543487804,3.4701456497546843,11,0,0,0.9381835937500008
TCTATTGTCCGTTCAC-1,311,1625112,7451,136632,150415,1330614,0.09255669763068636,0.0724017592903132,431,0.09259584747450532,0.09259584747450532,0.9927241246264836,0.9927241246264836,3.5422882785754792,25,0,0,0.7246582031250006
TCTCATAAGCCGAACA-1,312,668414,4121,60960,61844,541489,0.09252349591720102,0.029604841213240203,175,0.14893075567175793,0.14893075567175793,1.0274857027322262,1.0274857027322262,1.9925944591435332,-2,0,0,1.6179199218750022
TCTCTAACATAGTGGG-1,313,793210,3990,64661,74808,649751,0.0943104600295004,0.03535712840522285,210,0.13021245601444684,0.13021245601444684,0.981185891942976,0.981185891942976,3.3409079775210127,23,0,0,1.3512695312500016
TCTGAGACATGGAGAC-1,314,993770,6044,93265,92825,801636,0.0934069251436449,0.043768736332363334,260,0.11295755785955668,0.11295755785955668,0.9651020817385888,0.9651020817385888,3.5036040197066396,23,0,0,1.0523925781250014
TCTTCGGTCGAGAATA-1,315,609994,3339,49906,57746,499003,0.0946665049164418,0.02699655617398137,162,0.14895068492150373,0.14895068492150373,0.990279653236118,0.990279653236118,1.9927872843530943,-2,0,0,1.6166015625000023
TGACAACGTTGATCTG-1,316,589706,4009,50459,56061,479177,0.09506601594692947,0.026163004981878152,155,0.16112794407295838,0.16112794407295838,1.0479949266912076,1.0479949266912076,1.9923242698610393,-2,0,0,1.8713378906250027
TGACGGCTCCGGTTCT-1,317,1229704,5994,97584,114660,1011466,0.09324195090851133,0.05468238210604649,328,0.10646654573463787,0.10646654573463787,1.0003436218453157,1.0003436218453157,1.9976766644739605,-2,0,0,0.8696777343750011
TGACGGCTCTCGGAAT-1,318,1177034,6150,94867,111945,964072,0.0951077029210711,0.052358830282418146,312,0.10554988540672497,0.10554988540672497,0.9709404023682984,0.9709404023682984,3.601778766759034,14,0,0,0.9299316406250007
TGACTAGGTAGCCCTG-1,319,603508,3211,53652,57313,489332,0.09496642960822392,0.02682393330454293,158,0.13816868699506027,0.13816868699506027,0.9156700567429086,0.9156700567429086,3.522738246016696,22,0,0,1.5378906250000024
TGACTAGTCATCGCGG-1,320,716108,3777,70513,65560,576258,0.09155043652633403,0.03158606802723189,187,0.13456873844185238,0.13456873844185238,0.9687006047529504,0.9687006047529504,3.4008748294082656,27,0,0,1.444677734375002
TGAGCCGAGTTAACGA-1,321,997968,5444,78491,95315,818718,0.09550907443926056,0.04425341062619945,265,0.14366109712136202,0.14366109712136202,1.2316124766174728,1.2316124766174728,3.862097925589989,10,1,1,1.616894531250002
TGAGGGACAGCGCTTG-1,322,418676,2224,37521,37964,340967,0.0906763225023646,0.01847220388869181,110,0.1814673972662352,0.1814673972662352,1.005745432978356,1.005745432978356,1.9905771907856538,-2,0,0,2.325781250000004
TGCCAAATCGAAATCC-1,323,333188,1968,26988,30922,273310,0.0928064636181375,0.014779097515077498,88,0.21394054800120424,0.21394054800120424,1.052619318174732,1.052619318174732,1.974712949292956,-2,0,0,3.1489746093750055
TGCCCATTCACGTAGT-1,324,501898,2469,38818,46811,413800,0.0932679548434144,0.02224710169043286,134,0.16227487504988256,0.16227487504988256,0.9868448412052416,0.9868448412052416,1.9923876691434728,-2,0,0,1.892675781250003
TGCGGGTCACTAGGCC-1,325,753330,4394,70971,68065,609900,0.09035216969986593,0.03319074970000872,197,0.144011777843056,0.144011777843056,1.0640376847392845,1.0640376847392845,1.9993422525750113,-2,0,0,1.522167968750002
TGCGGGTGTCAACATC-1,326,1350638,7158,105220,126408,1111852,0.093591324988635,0.05990912487079594,360,0.10554407761085986,0.10554407761085986,1.050941526644592,1.050941526644592,3.4387732963810564,12,0,0,0.914892578125001
TGCTACCCAAATTCCG-1,327,502008,3600,65028,44970,388410,0.08958024573313572,0.021579972808541816,126,0.15614854089834812,0.15614854089834812,0.9244951713380694,0.9244951713380694,3.3857419756628344,23,0,0,1.9100585937500028
TGCTACCTCTGTGAAC-1,328,369646,2261,32309,34838,300238,0.09424692814206023,0.016391036649546237,97,0.33435433834985484,0.33435433834985484,1.721649787945441,1.721649787945441,1.5843458287523022,3,1,1,7.133740234375014
TGGCTGGTCATTCGCC-1,329,858934,4492,75972,80361,698109,0.09355899289118838,0.03811968170014491,226,0.12910218141270166,0.12910218141270166,1.014875866908679,1.014875866908679,1.9951846356280971,-2,0,0,1.242480468750002
TGTATTCGTGCTTCCT-1,330,1026678,4881,87605,93830,840362,0.0913918482718048,0.04556739716906965,272,0.1095475362590842,0.1095475362590842,0.9486410336487217,0.9486410336487217,3.747307576573992,6,0,0,1.008203125000001
TGTGGTACAGGGACTA-1,331,1564854,7934,117072,147994,1291854,0.09457367907804816,0.06956593811003493,418,0.10020808139510194,0.10020808139510194,1.0740558983279822,1.0740558983279822,3.434712016236266,7,0,0,0.8289550781250008
TGTGTTTCATGAGGGT-1,332,1065526,4583,90405,98597,871941,0.09253364066198293,0.04739630277228962,282,0.1209096269715143,0.1209096269715143,1.053781487511517,1.053781487511517,1.994674075836681,-2,0,0,1.1018066406250013
TGTTCCGAGCAAATCA-1,333,641636,3741,57531,59276,521088,0.09238259698645336,0.02844057377690953,169,0.14594602559551406,0.14594602559551406,0.9893691272020594,0.9893691272020594,2.021122523228479,-2,0,0,1.5593261718750022
TTAGGACAGACTTTCG-1,334,414050,2173,38971,38986,333920,0.09415771042144667,0.018333261690198062,108,0.18253913363960864,0.18253913363960864,0.9898813195588938,0.9898813195588938,1.9899953824842236,-2,0,0,2.350732421875004
TTAGGCAAGCAACGGT-1,335,1419364,7410,109928,134466,1167560,0.09473679760794272,0.0631422150938526,378,0.10245768148990056,0.10245768148990056,1.0339902153762193,1.0339902153762193,1.9986913101594923,-2,0,0,0.8106445312500009
TTAGTTCTCTCTAGTT-1,336,566776,2680,44885,54929,464282,0.09691483055034088,0.02526062172147657,150,0.1475366217017627,0.1475366217017627,0.9443498177609572,0.9443498177609572,2.026534866800985,-2,0,0,1.5894042968750026
TTATGCTCAAATCAGA-1,337,944312,4731,77217,88921,773443,0.0941648522945806,0.04196728526019549,250,0.1176421076729605,0.1176421076729605,0.9723579082252256,0.9723579082252256,3.491455654109757,30,0,0,1.1305175781250014
TTCGAAGTCAGTACCA-1,338,1273254,7118,107172,120577,1038387,0.09469987920713384,0.05624931837238502,336,0.10193563770552468,0.10193563770552468,0.9753435687937296,0.9753435687937296,3.556183983032458,23,0,0,0.8695800781250009
TTCTACAAGCCCAATT-1,339,818566,4936,69264,77139,667227,0.09423675061021347,0.0358710708669708,216,0.13752399531587026,0.13752399531587026,1.0708184287716016,1.0708184287716016,1.9940324194236703,-2,0,0,1.3976074218750019
TTCTACACATGTATGC-1,340,1019056,5799,84070,98899,830288,0.09704962239562888,0.045164296381987906,269,0.1232443019332504,0.1232443019332504,1.0633174373640748,1.0633174373640748,3.458259548823764,25,0,0,1.2186523437500019
TTCTCAAAGCCTGATT-1,341,1240998,6456,99303,118086,1017153,0.09515406148922076,0.055154132011091705,329,0.10665539386314292,0.10665539386314292,1.0078629184252468,1.0078629184252468,3.485844467619001,25,0,0,0.9383300781250008
TTCTCAAGTCGTAATC-1,342,241230,1854,16190,22390,200796,0.09281598474484933,0.01050375639585628,65,0.5175888233993317,0.5175888233993317,2.2070241329706524,2.2070241329706524,1.5834033672297392,2,1,1,15.82143554687503
TTGGCAACATGCAGTT-1,343,1076464,6204,90900,103663,875697,0.09629955112293584,0.047470073204406445,284,0.1118381539434171,0.1118381539434171,0.990375567654306,0.990375567654306,3.56853452801792,26,0,0,1.0319824218750013
TTGGCAAGTCCATTGA-1,344,596550,3237,49814,57264,486235,0.09599195373397032,0.026351612529691672,157,0.14719946264361547,0.14719946264361547,0.9745871310939378,0.9745871310939378,3.545221030823931,19,0,0,1.7161621093750026
TTTGCGCAGATGTCTC-1,345,1598482,7617,137899,146675,1306291,0.09175893128605764,0.07084484093098507,423,0.09512914714243463,0.09512914714243463,1.0201949313762328,1.0201949313762328,3.513151260504202,28,0,0,0.7592285156250007
TTTGGTTCATTACGCA-1,346,330172,1615,29192,30569,268796,0.09258507686902584,0.014565699063565505,87,0.2681711902351239,0.2681711902351239,1.3263948775880203,1.3263948775880203,4.579883271750084,0,1,1,5.15224609375001
